total_return,net_profit,gross_profit,gross_loss,total_trades,winning_trades,losing_trades,win_rate,profit_factor,expectancy,max_drawdown,sharpe_ratio,avg_win,avg_loss,largest_win,largest_loss,avg_trade_duration,total_costs,avg_cost_per_trade,max_consecutive_wins,max_consecutive_losses,initial_capital,final_capital,equity_curve,trades_detail,param_fast_ma_period,param_slow_ma_period,param_rsi_period,param_rsi_oversold,param_rsi_overbought,param_take_profit_pct,param_stop_loss_pct,param_volume_threshold,param_min_score
-0.6933342609743055,-6933.342609743046,11162.87207991874,18096.214689661785,331,120,211,0.36253776435045315,0.6168622704446579,-20.946654410099832,-0.7005782038503252,-0.8098854974573749,93.02393399932284,-85.7640506619042,303.6239944997522,-269.30239963248954,0 days 06:47:29.546827794,6022.030691698315,18.193446198484338,5,11,10000,3066.6573902569453,"                     timestamp  ...  returns
0    2024-07-20 21:00:00-03:00  ...      NaN
1    2024-07-20 22:00:00-03:00  ...      0.0
2    2024-07-20 23:00:00-03:00  ...      0.0
3    2024-07-21 00:00:00-03:00  ...      0.0
4    2024-07-21 01:00:00-03:00  ...      0.0
...                        ...  ...      ...
6127 2025-04-02 04:00:00-03:00  ...      0.0
6128 2025-04-02 05:00:00-03:00  ...      0.0
6129 2025-04-02 06:00:00-03:00  ...      0.0
6130 2025-04-02 07:00:00-03:00  ...      0.0
6131 2025-04-02 08:00:00-03:00  ...      0.0

[6132 rows x 7 columns]","     trade_id  ...  is_win
0           0  ...   False
1           1  ...   False
2           2  ...   False
3           3  ...   False
4           4  ...   False
..        ...  ...     ...
326       326  ...   False
327       327  ...   False
328       328  ...    True
329       329  ...    True
330       330  ...   False

[331 rows x 15 columns]",9,12,10,20,75,0.015,0.007,1.2,75
-0.7954072148068541,-7954.072148068546,9250.13607119074,17204.208219259286,400,165,235,0.4125,0.5376670610644932,-19.885180370171366,-0.8002400287152274,-1.1527204325269154,56.061430734489335,-73.20939667769909,265.74505182662955,-265.7137462162663,0 days 05:10:21,6329.188183405998,15.822970458514995,7,8,10000,2045.927851931459,"                     timestamp  ...  returns
0    2024-07-20 21:00:00-03:00  ...      NaN
1    2024-07-20 22:00:00-03:00  ...      0.0
2    2024-07-20 23:00:00-03:00  ...      0.0
3    2024-07-21 00:00:00-03:00  ...      0.0
4    2024-07-21 01:00:00-03:00  ...      0.0
...                        ...  ...      ...
6127 2025-04-02 04:00:00-03:00  ...      0.0
6128 2025-04-02 05:00:00-03:00  ...      0.0
6129 2025-04-02 06:00:00-03:00  ...      0.0
6130 2025-04-02 07:00:00-03:00  ...      0.0
6131 2025-04-02 08:00:00-03:00  ...      0.0

[6132 rows x 7 columns]","     trade_id  ...  is_win
0           0  ...   False
1           1  ...   False
2           2  ...   False
3           3  ...   False
4           4  ...   False
..        ...  ...     ...
395       395  ...   False
396       396  ...   False
397       397  ...    True
398       398  ...    True
399       399  ...   False

[400 rows x 15 columns]",7,18,10,25,75,0.01,0.007,1.2,75
-0.6690962589575009,-6690.962589575007,11628.377889273761,18319.340478848768,296,123,173,0.4155405405405405,0.6347596357357793,-22.604603343158807,-0.6743758369024628,-0.6739881655098697,94.53965763637204,-105.89214149623565,321.74209762745966,-352.85976643065396,0 days 08:23:55.135135135,5483.2612563018965,18.52453127129019,6,8,10000,3309.0374104249913,"                     timestamp  ...  returns
0    2024-07-20 21:00:00-03:00  ...      NaN
1    2024-07-20 22:00:00-03:00  ...      0.0
2    2024-07-20 23:00:00-03:00  ...      0.0
3    2024-07-21 00:00:00-03:00  ...      0.0
4    2024-07-21 01:00:00-03:00  ...      0.0
...                        ...  ...      ...
6127 2025-04-02 04:00:00-03:00  ...      0.0
6128 2025-04-02 05:00:00-03:00  ...      0.0
6129 2025-04-02 06:00:00-03:00  ...      0.0
6130 2025-04-02 07:00:00-03:00  ...      0.0
6131 2025-04-02 08:00:00-03:00  ...      0.0

[6132 rows x 7 columns]","     trade_id  ...  is_win
0           0  ...   False
1           1  ...   False
2           2  ...   False
3           3  ...   False
4           4  ...   False
..        ...  ...     ...
291       291  ...   False
292       292  ...   False
293       293  ...    True
294       294  ...    True
295       295  ...   False

[296 rows x 15 columns]",7,15,7,25,80,0.015,0.01,1.4,75
-0.8259765423877299,-8259.765423877298,8537.096936585252,16796.86236046255,433,175,258,0.40415704387990764,0.5082554558927849,-19.07567072488983,-0.8309762501644417,-1.1444319836719623,48.783411066201445,-65.10411767621143,208.52793372728738,-316.22333117149446,0 days 05:21:28.683602771,5848.862510712422,13.507765613654554,7,8,10000,1740.234576122701,"                     timestamp  ...  returns
0    2024-07-20 21:00:00-03:00  ...      NaN
1    2024-07-20 22:00:00-03:00  ...      0.0
2    2024-07-20 23:00:00-03:00  ...      0.0
3    2024-07-21 00:00:00-03:00  ...      0.0
4    2024-07-21 01:00:00-03:00  ...      0.0
...                        ...  ...      ...
6127 2025-04-02 04:00:00-03:00  ...      0.0
6128 2025-04-02 05:00:00-03:00  ...      0.0
6129 2025-04-02 06:00:00-03:00  ...      0.0
6130 2025-04-02 07:00:00-03:00  ...      0.0
6131 2025-04-02 08:00:00-03:00  ...      0.0

[6132 rows x 7 columns]","     trade_id  ...  is_win
0           0  ...   False
1           1  ...   False
2           2  ...   False
3           3  ...   False
4           4  ...   False
..        ...  ...     ...
428       428  ...   False
429       429  ...   False
430       430  ...    True
431       431  ...    True
432       432  ...   False

[433 rows x 15 columns]",9,12,7,20,75,0.01,0.007,1.2,70
-0.7560989714425252,-7560.989714425254,9894.493240892461,17455.482955317715,364,126,238,0.34615384615384615,0.5668415629759564,-20.771949764904544,-0.7631062673896253,-0.8832155178615758,78.52772413406716,-73.34236535847779,238.95060655656755,-320.07718222173696,0 days 06:42:11.868131868,5588.474314882951,15.352951414513601,4,10,10000,2439.0102855747473,"                     timestamp  ...  returns
0    2024-07-20 21:00:00-03:00  ...      NaN
1    2024-07-20 22:00:00-03:00  ...      0.0
2    2024-07-20 23:00:00-03:00  ...      0.0
3    2024-07-21 00:00:00-03:00  ...      0.0
4    2024-07-21 01:00:00-03:00  ...      0.0
...                        ...  ...      ...
6127 2025-04-02 04:00:00-03:00  ...      0.0
6128 2025-04-02 05:00:00-03:00  ...      0.0
6129 2025-04-02 06:00:00-03:00  ...      0.0
6130 2025-04-02 07:00:00-03:00  ...      0.0
6131 2025-04-02 08:00:00-03:00  ...      0.0

[6132 rows x 7 columns]","     trade_id  ...  is_win
0           0  ...   False
1           1  ...   False
2           2  ...   False
3           3  ...   False
4           4  ...   False
..        ...  ...     ...
359       359  ...   False
360       360  ...   False
361       361  ...    True
362       362  ...    True
363       363  ...   False

[364 rows x 15 columns]",7,18,7,20,75,0.015,0.007,1.3,70
-0.7517768724680634,-7517.7687246806345,11201.988404927568,18719.757129608202,327,131,196,0.40061162079510704,0.598404580111239,-22.990118424099798,-0.7557372790365063,-0.8173216237254947,85.5113618696761,-95.50896494698063,273.3259328030661,-347.8810847739097,0 days 08:28:26.422018348,5451.009557540717,16.669753998595464,7,9,10000,2482.2312753193664,"                     timestamp  ...  returns
0    2024-07-20 21:00:00-03:00  ...      NaN
1    2024-07-20 22:00:00-03:00  ...      0.0
2    2024-07-20 23:00:00-03:00  ...      0.0
3    2024-07-21 00:00:00-03:00  ...      0.0
4    2024-07-21 01:00:00-03:00  ...      0.0
...                        ...  ...      ...
6127 2025-04-02 04:00:00-03:00  ...      0.0
6128 2025-04-02 05:00:00-03:00  ...      0.0
6129 2025-04-02 06:00:00-03:00  ...      0.0
6130 2025-04-02 07:00:00-03:00  ...      0.0
6131 2025-04-02 08:00:00-03:00  ...      0.0

[6132 rows x 7 columns]","     trade_id  ...  is_win
0           0  ...   False
1           1  ...   False
2           2  ...   False
3           3  ...   False
4           4  ...   False
..        ...  ...     ...
322       322  ...   False
323       323  ...   False
324       324  ...    True
325       325  ...    True
326       326  ...   False

[327 rows x 15 columns]",7,15,7,20,80,0.015,0.01,1.2,70
-0.7229940990171363,-7229.940990171357,10761.464978225396,17991.405968396753,333,120,213,0.36036036036036034,0.5981447473937674,-21.711534505019095,-0.7295374283418123,-0.8657447102293813,89.67887481854497,-84.4666946873087,294.0177864226763,-262.93108925096516,0 days 06:41:26.486486486,5936.050159065746,17.82597645365089,5,10,10000,2770.059009828637,"                     timestamp  ...  returns
0    2024-07-20 21:00:00-03:00  ...      NaN
1    2024-07-20 22:00:00-03:00  ...      0.0
2    2024-07-20 23:00:00-03:00  ...      0.0
3    2024-07-21 00:00:00-03:00  ...      0.0
4    2024-07-21 01:00:00-03:00  ...      0.0
...                        ...  ...      ...
6127 2025-04-02 04:00:00-03:00  ...      0.0
6128 2025-04-02 05:00:00-03:00  ...      0.0
6129 2025-04-02 06:00:00-03:00  ...      0.0
6130 2025-04-02 07:00:00-03:00  ...      0.0
6131 2025-04-02 08:00:00-03:00  ...      0.0

[6132 rows x 7 columns]","     trade_id  ...  is_win
0           0  ...   False
1           1  ...   False
2           2  ...   False
3           3  ...   False
4           4  ...   False
..        ...  ...     ...
328       328  ...   False
329       329  ...   False
330       330  ...    True
331       331  ...    True
332       332  ...   False

[333 rows x 15 columns]",5,18,7,20,80,0.015,0.007,1.3,75
-0.6927344506350599,-6927.344506350604,11264.503840399742,18191.848346750347,327,119,208,0.363914373088685,0.6192061205485999,-21.184539774772496,-0.7015622143041297,-0.8109312290397936,94.65969613781296,-87.46080935937667,314.6031475340293,-269.0357622737487,0 days 06:31:44.587155963,6115.230178611924,18.70100972052576,4,10,10000,3072.655493649401,"                     timestamp  ...  returns
0    2024-07-20 21:00:00-03:00  ...      NaN
1    2024-07-20 22:00:00-03:00  ...      0.0
2    2024-07-20 23:00:00-03:00  ...      0.0
3    2024-07-21 00:00:00-03:00  ...      0.0
4    2024-07-21 01:00:00-03:00  ...      0.0
...                        ...  ...      ...
6127 2025-04-02 04:00:00-03:00  ...      0.0
6128 2025-04-02 05:00:00-03:00  ...      0.0
6129 2025-04-02 06:00:00-03:00  ...      0.0
6130 2025-04-02 07:00:00-03:00  ...      0.0
6131 2025-04-02 08:00:00-03:00  ...      0.0

[6132 rows x 7 columns]","     trade_id  ...  is_win
0           0  ...   False
1           1  ...   False
2           2  ...   False
3           3  ...   False
4           4  ...   False
..        ...  ...     ...
322       322  ...   False
323       323  ...   False
324       324  ...    True
325       325  ...    True
326       326  ...   False

[327 rows x 15 columns]",9,18,7,20,75,0.015,0.007,1.2,75
-0.7708861133754353,-7708.861133754357,10506.595237698288,18215.456371452645,375,131,244,0.34933333333333333,0.5767956082705826,-20.556963023344956,-0.7762981555294894,-0.9021762657158467,80.20301708166632,-74.65350971906821,244.23390660548154,-244.0171069655046,0 days 06:44:19.200000,5851.9569068985365,15.605218418396097,5,11,10000,2291.1388662456466,"                     timestamp  ...  returns
0    2024-07-20 21:00:00-03:00  ...      NaN
1    2024-07-20 22:00:00-03:00  ...      0.0
2    2024-07-20 23:00:00-03:00  ...      0.0
3    2024-07-21 00:00:00-03:00  ...      0.0
4    2024-07-21 01:00:00-03:00  ...      0.0
...                        ...  ...      ...
6127 2025-04-02 04:00:00-03:00  ...      0.0
6128 2025-04-02 05:00:00-03:00  ...      0.0
6129 2025-04-02 06:00:00-03:00  ...      0.0
6130 2025-04-02 07:00:00-03:00  ...      0.0
6131 2025-04-02 08:00:00-03:00  ...      0.0

[6132 rows x 7 columns]","     trade_id  ...  is_win
0           0  ...   False
1           1  ...   False
2           2  ...   False
3           3  ...   False
4           4  ...   False
..        ...  ...     ...
370       370  ...   False
371       371  ...   False
372       372  ...    True
373       373  ...    True
374       374  ...   False

[375 rows x 15 columns]",9,18,7,20,80,0.015,0.007,1.4,70
-0.7475607998763618,-7475.607998763622,13389.83866531371,20865.44666407733,383,165,218,0.4308093994778068,0.6417230783928587,-19.518558743508144,-0.7483421636919122,-0.7634262815350299,81.15053736553763,-95.71305809209785,274.3853490913088,-334.2660481068583,0 days 07:43:33.054830287,6417.852585052692,16.756795261234185,6,6,10000,2524.392001236382,"                     timestamp  ...  returns
0    2024-07-20 21:00:00-03:00  ...      NaN
1    2024-07-20 22:00:00-03:00  ...      0.0
2    2024-07-20 23:00:00-03:00  ...      0.0
3    2024-07-21 00:00:00-03:00  ...      0.0
4    2024-07-21 01:00:00-03:00  ...      0.0
...                        ...  ...      ...
6127 2025-04-02 04:00:00-03:00  ...      0.0
6128 2025-04-02 05:00:00-03:00  ...      0.0
6129 2025-04-02 06:00:00-03:00  ...      0.0
6130 2025-04-02 07:00:00-03:00  ...      0.0
6131 2025-04-02 08:00:00-03:00  ...      0.0

[6132 rows x 7 columns]","     trade_id  ...  is_win
0           0  ...   False
1           1  ...   False
2           2  ...   False
3           3  ...   False
4           4  ...   False
..        ...  ...     ...
378       378  ...   False
379       379  ...    True
380       380  ...   False
381       381  ...    True
382       382  ...   False

[383 rows x 15 columns]",5,15,7,25,75,0.015,0.01,1.2,65
-0.7698523159073195,-7698.523159073196,10330.2100803885,18028.733239461697,371,129,242,0.3477088948787062,0.5729859077274218,-20.75073627782532,-0.7752887780367782,-0.9026089461519552,80.07914790998838,-74.49889768372601,240.5591061072326,-243.4726947162726,0 days 06:45:46.091644204,5764.945176864156,15.538935786695838,5,11,10000,2301.476840926805,"                     timestamp  ...  returns
0    2024-07-20 21:00:00-03:00  ...      NaN
1    2024-07-20 22:00:00-03:00  ...      0.0
2    2024-07-20 23:00:00-03:00  ...      0.0
3    2024-07-21 00:00:00-03:00  ...      0.0
4    2024-07-21 01:00:00-03:00  ...      0.0
...                        ...  ...      ...
6127 2025-04-02 04:00:00-03:00  ...      0.0
6128 2025-04-02 05:00:00-03:00  ...      0.0
6129 2025-04-02 06:00:00-03:00  ...      0.0
6130 2025-04-02 07:00:00-03:00  ...      0.0
6131 2025-04-02 08:00:00-03:00  ...      0.0

[6132 rows x 7 columns]","     trade_id  ...  is_win
0           0  ...   False
1           1  ...   False
2           2  ...   False
3           3  ...   False
4           4  ...   False
..        ...  ...     ...
366       366  ...   False
367       367  ...   False
368       368  ...    True
369       369  ...    True
370       370  ...   False

[371 rows x 15 columns]",7,12,7,25,80,0.015,0.007,1.4,70
-0.8487317061099525,-8487.317061099517,9202.934868610353,17690.25192970987,465,188,277,0.4043010752688172,0.520226331720833,-18.252294755052723,-0.8508061227084043,-1.2057012890605419,48.95178121601251,-63.86372537801397,219.22717117843942,-311.8022892752356,0 days 05:16:30.967741935,6311.729327034076,13.57361145598726,9,9,10000,1512.682938900474,"                     timestamp  ...  returns
0    2024-07-20 21:00:00-03:00  ...      NaN
1    2024-07-20 22:00:00-03:00  ...      0.0
2    2024-07-20 23:00:00-03:00  ...      0.0
3    2024-07-21 00:00:00-03:00  ...      0.0
4    2024-07-21 01:00:00-03:00  ...      0.0
...                        ...  ...      ...
6127 2025-04-02 04:00:00-03:00  ...      0.0
6128 2025-04-02 05:00:00-03:00  ...      0.0
6129 2025-04-02 06:00:00-03:00  ...      0.0
6130 2025-04-02 07:00:00-03:00  ...      0.0
6131 2025-04-02 08:00:00-03:00  ...      0.0

[6132 rows x 7 columns]","     trade_id  ...  is_win
0           0  ...   False
1           1  ...   False
2           2  ...   False
3           3  ...   False
4           4  ...   False
..        ...  ...     ...
460       460  ...   False
461       461  ...    True
462       462  ...    True
463       463  ...   False
464       464  ...   False

[465 rows x 15 columns]",7,15,10,25,80,0.01,0.007,1.3,70
-0.6829320049366215,-6829.320049366213,12051.269067645242,18880.589117011456,308,126,182,0.4090909090909091,0.6382888263156482,-22.173117043396793,-0.6879908331883544,-0.6900395248265947,95.64499260035906,-103.73950064292009,322.8022023876879,-347.98966243401316,0 days 08:31:56.883116883,5733.531438806627,18.61536181430723,7,9,10000,3170.6799506337848,"                     timestamp  ...  returns
0    2024-07-20 21:00:00-03:00  ...      NaN
1    2024-07-20 22:00:00-03:00  ...      0.0
2    2024-07-20 23:00:00-03:00  ...      0.0
3    2024-07-21 00:00:00-03:00  ...      0.0
4    2024-07-21 01:00:00-03:00  ...      0.0
...                        ...  ...      ...
6127 2025-04-02 04:00:00-03:00  ...      0.0
6128 2025-04-02 05:00:00-03:00  ...      0.0
6129 2025-04-02 06:00:00-03:00  ...      0.0
6130 2025-04-02 07:00:00-03:00  ...      0.0
6131 2025-04-02 08:00:00-03:00  ...      0.0

[6132 rows x 7 columns]","     trade_id  ...  is_win
0           0  ...   False
1           1  ...   False
2           2  ...   False
3           3  ...   False
4           4  ...   False
..        ...  ...     ...
303       303  ...   False
304       304  ...   False
305       305  ...    True
306       306  ...    True
307       307  ...   False

[308 rows x 15 columns]",5,12,10,25,80,0.015,0.01,1.4,75
-0.8694762524449161,-8694.762524449163,9546.716092065495,18241.478616514658,523,222,301,0.42447418738049714,0.5233520973142228,-16.6247849415854,-0.87089400694249,-1.26183341209318,43.00322563993466,-60.60291899174305,206.4691297184747,-318.95273299886134,0 days 05:04:14.684512428,6499.987066726749,12.428273550146747,8,7,10000,1305.237475550839,"                     timestamp  ...  returns
0    2024-07-20 21:00:00-03:00  ...      NaN
1    2024-07-20 22:00:00-03:00  ...      0.0
2    2024-07-20 23:00:00-03:00  ...      0.0
3    2024-07-21 00:00:00-03:00  ...      0.0
4    2024-07-21 01:00:00-03:00  ...      0.0
...                        ...  ...      ...
6127 2025-04-02 04:00:00-03:00  ...      0.0
6128 2025-04-02 05:00:00-03:00  ...      0.0
6129 2025-04-02 06:00:00-03:00  ...      0.0
6130 2025-04-02 07:00:00-03:00  ...      0.0
6131 2025-04-02 08:00:00-03:00  ...      0.0

[6132 rows x 7 columns]","     trade_id  ...  is_win
0           0  ...   False
1           1  ...   False
2           2  ...   False
3           3  ...   False
4           4  ...   False
..        ...  ...     ...
518       518  ...   False
519       519  ...    True
520       520  ...   False
521       521  ...    True
522       522  ...   False

[523 rows x 15 columns]",9,12,7,25,80,0.01,0.007,1.2,65
-0.6785398979787016,-6785.398979787016,11993.389231051999,18778.788210839015,307,126,181,0.41042345276872966,0.6386668349627309,-22.10227680712383,-0.6836688024131754,-0.6804888856304874,95.18562881787301,-103.75021110960782,319.9416737428488,-347.98966243401316,0 days 08:35:22.475570032,5718.861636173304,18.628213798610112,7,9,10000,3214.601020212984,"                     timestamp  ...  returns
0    2024-07-20 21:00:00-03:00  ...      NaN
1    2024-07-20 22:00:00-03:00  ...      0.0
2    2024-07-20 23:00:00-03:00  ...      0.0
3    2024-07-21 00:00:00-03:00  ...      0.0
4    2024-07-21 01:00:00-03:00  ...      0.0
...                        ...  ...      ...
6127 2025-04-02 04:00:00-03:00  ...      0.0
6128 2025-04-02 05:00:00-03:00  ...      0.0
6129 2025-04-02 06:00:00-03:00  ...      0.0
6130 2025-04-02 07:00:00-03:00  ...      0.0
6131 2025-04-02 08:00:00-03:00  ...      0.0

[6132 rows x 7 columns]","     trade_id  ...  is_win
0           0  ...   False
1           1  ...   False
2           2  ...   False
3           3  ...   False
4           4  ...   False
..        ...  ...     ...
302       302  ...   False
303       303  ...   False
304       304  ...    True
305       305  ...    True
306       306  ...   False

[307 rows x 15 columns]",7,12,10,20,80,0.015,0.01,1.3,75
-0.6785398979787016,-6785.398979787016,11993.389231051999,18778.788210839015,307,126,181,0.41042345276872966,0.6386668349627309,-22.10227680712383,-0.6836688024131754,-0.6804888856304874,95.18562881787301,-103.75021110960782,319.9416737428488,-347.98966243401316,0 days 08:35:22.475570032,5718.861636173304,18.628213798610112,7,9,10000,3214.601020212984,"                     timestamp  ...  returns
0    2024-07-20 21:00:00-03:00  ...      NaN
1    2024-07-20 22:00:00-03:00  ...      0.0
2    2024-07-20 23:00:00-03:00  ...      0.0
3    2024-07-21 00:00:00-03:00  ...      0.0
4    2024-07-21 01:00:00-03:00  ...      0.0
...                        ...  ...      ...
6127 2025-04-02 04:00:00-03:00  ...      0.0
6128 2025-04-02 05:00:00-03:00  ...      0.0
6129 2025-04-02 06:00:00-03:00  ...      0.0
6130 2025-04-02 07:00:00-03:00  ...      0.0
6131 2025-04-02 08:00:00-03:00  ...      0.0

[6132 rows x 7 columns]","     trade_id  ...  is_win
0           0  ...   False
1           1  ...   False
2           2  ...   False
3           3  ...   False
4           4  ...   False
..        ...  ...     ...
302       302  ...   False
303       303  ...   False
304       304  ...    True
305       305  ...    True
306       306  ...   False

[307 rows x 15 columns]",9,18,10,25,80,0.015,0.01,1.3,75
-0.7613072497416068,-7613.072497416069,10707.019458592717,18320.091956008786,373,132,241,0.353887399463807,0.5844413600271768,-20.410382030606076,-0.766945560213736,-0.8713065302375004,81.11378377721755,-76.01697907057587,248.9462396495026,-244.0171069655046,0 days 06:50:01.608579088,5911.68061484134,15.849009691263646,5,11,10000,2386.9275025839324,"                     timestamp  ...  returns
0    2024-07-20 21:00:00-03:00  ...      NaN
1    2024-07-20 22:00:00-03:00  ...      0.0
2    2024-07-20 23:00:00-03:00  ...      0.0
3    2024-07-21 00:00:00-03:00  ...      0.0
4    2024-07-21 01:00:00-03:00  ...      0.0
...                        ...  ...      ...
6127 2025-04-02 04:00:00-03:00  ...      0.0
6128 2025-04-02 05:00:00-03:00  ...      0.0
6129 2025-04-02 06:00:00-03:00  ...      0.0
6130 2025-04-02 07:00:00-03:00  ...      0.0
6131 2025-04-02 08:00:00-03:00  ...      0.0

[6132 rows x 7 columns]","     trade_id  ...  is_win
0           0  ...   False
1           1  ...   False
2           2  ...   False
3           3  ...   False
4           4  ...   False
..        ...  ...     ...
368       368  ...   False
369       369  ...   False
370       370  ...    True
371       371  ...    True
372       372  ...   False

[373 rows x 15 columns]",9,15,7,20,80,0.015,0.007,1.2,70
-0.6933342609743055,-6933.342609743046,11162.87207991874,18096.214689661785,331,120,211,0.36253776435045315,0.6168622704446579,-20.946654410099832,-0.7005782038503252,-0.8098854974573749,93.02393399932284,-85.7640506619042,303.6239944997522,-269.30239963248954,0 days 06:47:29.546827794,6022.030691698315,18.193446198484338,5,11,10000,3066.6573902569453,"                     timestamp  ...  returns
0    2024-07-20 21:00:00-03:00  ...      NaN
1    2024-07-20 22:00:00-03:00  ...      0.0
2    2024-07-20 23:00:00-03:00  ...      0.0
3    2024-07-21 00:00:00-03:00  ...      0.0
4    2024-07-21 01:00:00-03:00  ...      0.0
...                        ...  ...      ...
6127 2025-04-02 04:00:00-03:00  ...      0.0
6128 2025-04-02 05:00:00-03:00  ...      0.0
6129 2025-04-02 06:00:00-03:00  ...      0.0
6130 2025-04-02 07:00:00-03:00  ...      0.0
6131 2025-04-02 08:00:00-03:00  ...      0.0

[6132 rows x 7 columns]","     trade_id  ...  is_win
0           0  ...   False
1           1  ...   False
2           2  ...   False
3           3  ...   False
4           4  ...   False
..        ...  ...     ...
326       326  ...   False
327       327  ...   False
328       328  ...    True
329       329  ...    True
330       330  ...   False

[331 rows x 15 columns]",5,18,10,20,75,0.015,0.007,1.2,75
-0.8507565374965989,-8507.56537496598,9134.130965472581,17641.69634043856,466,188,278,0.4034334763948498,0.5177580879529815,-18.25657805786691,-0.8528031865852208,-1.2136422566724465,48.58580300783288,-63.45933935409554,216.29266292431205,-311.8022892752356,0 days 05:15:57.939914163,6283.567922016788,13.484051334799974,9,9,10000,1492.4346250340113,"                     timestamp  ...  returns
0    2024-07-20 21:00:00-03:00  ...      NaN
1    2024-07-20 22:00:00-03:00  ...      0.0
2    2024-07-20 23:00:00-03:00  ...      0.0
3    2024-07-21 00:00:00-03:00  ...      0.0
4    2024-07-21 01:00:00-03:00  ...      0.0
...                        ...  ...      ...
6127 2025-04-02 04:00:00-03:00  ...      0.0
6128 2025-04-02 05:00:00-03:00  ...      0.0
6129 2025-04-02 06:00:00-03:00  ...      0.0
6130 2025-04-02 07:00:00-03:00  ...      0.0
6131 2025-04-02 08:00:00-03:00  ...      0.0

[6132 rows x 7 columns]","     trade_id  ...  is_win
0           0  ...   False
1           1  ...   False
2           2  ...   False
3           3  ...   False
4           4  ...   False
..        ...  ...     ...
461       461  ...   False
462       462  ...    True
463       463  ...    True
464       464  ...   False
465       465  ...   False

[466 rows x 15 columns]",7,15,10,20,80,0.01,0.007,1.3,70
-0.8292216214417573,-8292.216214417573,9211.773379750912,17503.989594168484,443,183,260,0.41309255079006774,0.5262670735830332,-18.718321025773296,-0.8315635894380077,-1.1372548474085789,50.337559452190774,-67.32303690064802,222.14062322359388,-311.3766133576679,0 days 05:26:57.155756207,6208.104713828419,14.013780392389208,8,9,10000,1707.7837855824273,"                     timestamp  ...  returns
0    2024-07-20 21:00:00-03:00  ...      NaN
1    2024-07-20 22:00:00-03:00  ...      0.0
2    2024-07-20 23:00:00-03:00  ...      0.0
3    2024-07-21 00:00:00-03:00  ...      0.0
4    2024-07-21 01:00:00-03:00  ...      0.0
...                        ...  ...      ...
6127 2025-04-02 04:00:00-03:00  ...      0.0
6128 2025-04-02 05:00:00-03:00  ...      0.0
6129 2025-04-02 06:00:00-03:00  ...      0.0
6130 2025-04-02 07:00:00-03:00  ...      0.0
6131 2025-04-02 08:00:00-03:00  ...      0.0

[6132 rows x 7 columns]","     trade_id  ...  is_win
0           0  ...   False
1           1  ...   False
2           2  ...   False
3           3  ...   False
4           4  ...   False
..        ...  ...     ...
438       438  ...   False
439       439  ...    True
440       440  ...    True
441       441  ...   False
442       442  ...   False

[443 rows x 15 columns]",7,15,10,25,75,0.01,0.007,1.2,70
-0.7434785816262602,-7434.785816262607,11177.018172149517,18611.803988412124,322,129,193,0.40062111801242234,0.600533842883174,-23.08939694491493,-0.74757138764468,-0.7992360609737846,86.64355172208928,-96.43421755653951,273.0470507985208,-347.8810847739097,0 days 08:32:58.881987577,5393.358914163269,16.749561845227543,7,9,10000,2565.2141837373974,"                     timestamp  ...  returns
0    2024-07-20 21:00:00-03:00  ...      NaN
1    2024-07-20 22:00:00-03:00  ...      0.0
2    2024-07-20 23:00:00-03:00  ...      0.0
3    2024-07-21 00:00:00-03:00  ...      0.0
4    2024-07-21 01:00:00-03:00  ...      0.0
...                        ...  ...      ...
6127 2025-04-02 04:00:00-03:00  ...      0.0
6128 2025-04-02 05:00:00-03:00  ...      0.0
6129 2025-04-02 06:00:00-03:00  ...      0.0
6130 2025-04-02 07:00:00-03:00  ...      0.0
6131 2025-04-02 08:00:00-03:00  ...      0.0

[6132 rows x 7 columns]","     trade_id  ...  is_win
0           0  ...   False
1           1  ...   False
2           2  ...   False
3           3  ...   False
4           4  ...   False
..        ...  ...     ...
317       317  ...   False
318       318  ...   False
319       319  ...    True
320       320  ...    True
321       321  ...   False

[322 rows x 15 columns]",9,18,7,25,80,0.015,0.01,1.4,70
-0.8732309963342179,-8732.309963342173,9150.775524940695,17883.085488282868,517,216,301,0.41779497098646035,0.5117000380575462,-16.89034809157093,-0.8746079666439637,-1.290305017722069,42.36470150435507,-59.41224414711916,205.10946509374662,-316.8523282138448,0 days 05:04:24.603481624,6339.171948731751,12.261454446289655,8,9,10000,1267.6900366578218,"                     timestamp  ...  returns
0    2024-07-20 21:00:00-03:00  ...      NaN
1    2024-07-20 22:00:00-03:00  ...      0.0
2    2024-07-20 23:00:00-03:00  ...      0.0
3    2024-07-21 00:00:00-03:00  ...      0.0
4    2024-07-21 01:00:00-03:00  ...      0.0
...                        ...  ...      ...
6127 2025-04-02 04:00:00-03:00  ...      0.0
6128 2025-04-02 05:00:00-03:00  ...      0.0
6129 2025-04-02 06:00:00-03:00  ...      0.0
6130 2025-04-02 07:00:00-03:00  ...      0.0
6131 2025-04-02 08:00:00-03:00  ...      0.0

[6132 rows x 7 columns]","     trade_id  ...  is_win
0           0  ...   False
1           1  ...   False
2           2  ...   False
3           3  ...   False
4           4  ...   False
..        ...  ...     ...
512       512  ...   False
513       513  ...    True
514       514  ...   False
515       515  ...    True
516       516  ...   False

[517 rows x 15 columns]",9,12,7,25,80,0.01,0.007,1.3,65
-0.8210168465679292,-8210.168465679282,10980.047848579026,19190.21631425831,447,160,287,0.3579418344519016,0.57216905056046,-18.36726726102747,-0.8211644053668755,-0.993178956910571,68.62529905361892,-66.86486520647495,218.50955276133962,-320.1090795189786,0 days 06:17:02.818791946,6206.449785996043,13.884675136456472,6,8,10000,1789.831534320708,"                     timestamp  ...  returns
0    2024-07-20 21:00:00-03:00  ...      NaN
1    2024-07-20 22:00:00-03:00  ...      0.0
2    2024-07-20 23:00:00-03:00  ...      0.0
3    2024-07-21 00:00:00-03:00  ...      0.0
4    2024-07-21 01:00:00-03:00  ...      0.0
...                        ...  ...      ...
6127 2025-04-02 04:00:00-03:00  ...      0.0
6128 2025-04-02 05:00:00-03:00  ...      0.0
6129 2025-04-02 06:00:00-03:00  ...      0.0
6130 2025-04-02 07:00:00-03:00  ...      0.0
6131 2025-04-02 08:00:00-03:00  ...      0.0

[6132 rows x 7 columns]","     trade_id  ...  is_win
0           0  ...   False
1           1  ...   False
2           2  ...   False
3           3  ...   False
4           4  ...   False
..        ...  ...     ...
442       442  ...    True
443       443  ...   False
444       444  ...    True
445       445  ...   False
446       446  ...   False

[447 rows x 15 columns]",7,18,10,25,75,0.015,0.007,1.3,65
-0.7235024140731472,-7235.024140731479,12275.81863676343,19510.84277749491,328,133,195,0.4054878048780488,0.6291793120758047,-22.058000429059383,-0.7279139403735014,-0.7449752489990327,92.29938824634158,-100.05560398715338,299.00036985883605,-320.0283552686287,0 days 08:42:48.292682926,5838.898018711436,17.80151834972999,8,9,10000,2764.975859268529,"                     timestamp  ...  returns
0    2024-07-20 21:00:00-03:00  ...      NaN
1    2024-07-20 22:00:00-03:00  ...      0.0
2    2024-07-20 23:00:00-03:00  ...      0.0
3    2024-07-21 00:00:00-03:00  ...      0.0
4    2024-07-21 01:00:00-03:00  ...      0.0
...                        ...  ...      ...
6127 2025-04-02 04:00:00-03:00  ...      0.0
6128 2025-04-02 05:00:00-03:00  ...      0.0
6129 2025-04-02 06:00:00-03:00  ...      0.0
6130 2025-04-02 07:00:00-03:00  ...      0.0
6131 2025-04-02 08:00:00-03:00  ...      0.0

[6132 rows x 7 columns]","     trade_id  ...  is_win
0           0  ...   False
1           1  ...   False
2           2  ...   False
3           3  ...   False
4           4  ...   False
..        ...  ...     ...
323       323  ...   False
324       324  ...   False
325       325  ...    True
326       326  ...    True
327       327  ...   False

[328 rows x 15 columns]",7,12,10,25,80,0.015,0.01,1.3,70
-0.641982017228905,-6419.820172289057,12811.925795688496,19231.745967977553,300,125,175,0.4166666666666667,0.6661863055502819,-21.39940057429685,-0.6476942036181644,-0.6299204164039606,102.49540636550796,-109.89569124558602,351.24692202018093,-355.27433102417604,0 days 08:20:36,5914.571224357436,19.715237414524786,9,9,10000,3580.17982771095,"                     timestamp  ...  returns
0    2024-07-20 21:00:00-03:00  ...      NaN
1    2024-07-20 22:00:00-03:00  ...      0.0
2    2024-07-20 23:00:00-03:00  ...      0.0
3    2024-07-21 00:00:00-03:00  ...      0.0
4    2024-07-21 01:00:00-03:00  ...      0.0
...                        ...  ...      ...
6127 2025-04-02 04:00:00-03:00  ...      0.0
6128 2025-04-02 05:00:00-03:00  ...      0.0
6129 2025-04-02 06:00:00-03:00  ...      0.0
6130 2025-04-02 07:00:00-03:00  ...      0.0
6131 2025-04-02 08:00:00-03:00  ...      0.0

[6132 rows x 7 columns]","     trade_id  ...  is_win
0           0  ...   False
1           1  ...   False
2           2  ...   False
3           3  ...   False
4           4  ...   False
..        ...  ...     ...
295       295  ...   False
296       296  ...   False
297       297  ...    True
298       298  ...    True
299       299  ...   False

[300 rows x 15 columns]",9,15,10,20,75,0.015,0.01,1.4,75
-0.7974000589198817,-7974.000589198833,8914.737005386512,16888.737594585346,397,163,234,0.4105793450881612,0.5278509986586944,-20.085643801508393,-0.8021857986133087,-1.1722658636232224,54.691638069855905,-72.17409228455276,257.3829585186825,-265.7137462162663,0 days 05:10:43.828715365,6197.457835556179,15.610725026589872,7,8,10000,2025.9994108011822,"                     timestamp  ...  returns
0    2024-07-20 21:00:00-03:00  ...      NaN
1    2024-07-20 22:00:00-03:00  ...      0.0
2    2024-07-20 23:00:00-03:00  ...      0.0
3    2024-07-21 00:00:00-03:00  ...      0.0
4    2024-07-21 01:00:00-03:00  ...      0.0
...                        ...  ...      ...
6127 2025-04-02 04:00:00-03:00  ...      0.0
6128 2025-04-02 05:00:00-03:00  ...      0.0
6129 2025-04-02 06:00:00-03:00  ...      0.0
6130 2025-04-02 07:00:00-03:00  ...      0.0
6131 2025-04-02 08:00:00-03:00  ...      0.0

[6132 rows x 7 columns]","     trade_id  ...  is_win
0           0  ...   False
1           1  ...   False
2           2  ...   False
3           3  ...   False
4           4  ...   False
..        ...  ...     ...
392       392  ...   False
393       393  ...   False
394       394  ...    True
395       395  ...    True
396       396  ...   False

[397 rows x 15 columns]",7,18,10,25,75,0.01,0.007,1.3,75
-0.7517768724680634,-7517.7687246806345,11201.988404927568,18719.757129608202,327,131,196,0.40061162079510704,0.598404580111239,-22.990118424099798,-0.7557372790365063,-0.8173216237254947,85.5113618696761,-95.50896494698063,273.3259328030661,-347.8810847739097,0 days 08:28:26.422018348,5451.009557540717,16.669753998595464,7,9,10000,2482.2312753193664,"                     timestamp  ...  returns
0    2024-07-20 21:00:00-03:00  ...      NaN
1    2024-07-20 22:00:00-03:00  ...      0.0
2    2024-07-20 23:00:00-03:00  ...      0.0
3    2024-07-21 00:00:00-03:00  ...      0.0
4    2024-07-21 01:00:00-03:00  ...      0.0
...                        ...  ...      ...
6127 2025-04-02 04:00:00-03:00  ...      0.0
6128 2025-04-02 05:00:00-03:00  ...      0.0
6129 2025-04-02 06:00:00-03:00  ...      0.0
6130 2025-04-02 07:00:00-03:00  ...      0.0
6131 2025-04-02 08:00:00-03:00  ...      0.0

[6132 rows x 7 columns]","     trade_id  ...  is_win
0           0  ...   False
1           1  ...   False
2           2  ...   False
3           3  ...   False
4           4  ...   False
..        ...  ...     ...
322       322  ...   False
323       323  ...   False
324       324  ...    True
325       325  ...    True
326       326  ...   False

[327 rows x 15 columns]",5,12,7,20,80,0.015,0.01,1.2,70
-0.755762358286789,-7557.623582867898,10024.744251671593,17582.36783453949,365,128,237,0.3506849315068493,0.5701589425275584,-20.70581803525452,-0.7627793251566231,-0.8747127730892528,78.31831446618432,-74.18720605290925,236.24478957121266,-320.07718222173696,0 days 06:43:23.835616438,5621.5040419596735,15.401380936875817,4,10,10000,2442.3764171321113,"                     timestamp  ...  returns
0    2024-07-20 21:00:00-03:00  ...      NaN
1    2024-07-20 22:00:00-03:00  ...      0.0
2    2024-07-20 23:00:00-03:00  ...      0.0
3    2024-07-21 00:00:00-03:00  ...      0.0
4    2024-07-21 01:00:00-03:00  ...      0.0
...                        ...  ...      ...
6127 2025-04-02 04:00:00-03:00  ...      0.0
6128 2025-04-02 05:00:00-03:00  ...      0.0
6129 2025-04-02 06:00:00-03:00  ...      0.0
6130 2025-04-02 07:00:00-03:00  ...      0.0
6131 2025-04-02 08:00:00-03:00  ...      0.0

[6132 rows x 7 columns]","     trade_id  ...  is_win
0           0  ...   False
1           1  ...   False
2           2  ...   False
3           3  ...   False
4           4  ...   False
..        ...  ...     ...
360       360  ...   False
361       361  ...   False
362       362  ...    True
363       363  ...    True
364       364  ...   False

[365 rows x 15 columns]",7,18,7,20,75,0.015,0.007,1.2,70
-0.7758032214833056,-7758.032214833056,12482.095226287976,20240.127441121032,394,165,229,0.41878172588832485,0.6167004265461599,-19.69043709348492,-0.7764971677888323,-0.8208082723866953,75.64906197750288,-88.38483598742809,259.61160682990305,-324.6272570925024,0 days 07:43:14.923857868,6146.3108915096445,15.599773836318894,8,6,10000,2241.967785166944,"                     timestamp  ...  returns
0    2024-07-20 21:00:00-03:00  ...      NaN
1    2024-07-20 22:00:00-03:00  ...      0.0
2    2024-07-20 23:00:00-03:00  ...      0.0
3    2024-07-21 00:00:00-03:00  ...      0.0
4    2024-07-21 01:00:00-03:00  ...      0.0
...                        ...  ...      ...
6127 2025-04-02 04:00:00-03:00  ...      0.0
6128 2025-04-02 05:00:00-03:00  ...      0.0
6129 2025-04-02 06:00:00-03:00  ...      0.0
6130 2025-04-02 07:00:00-03:00  ...      0.0
6131 2025-04-02 08:00:00-03:00  ...      0.0

[6132 rows x 7 columns]","     trade_id  ...  is_win
0           0  ...   False
1           1  ...   False
2           2  ...   False
3           3  ...   False
4           4  ...   False
..        ...  ...     ...
389       389  ...   False
390       390  ...    True
391       391  ...   False
392       392  ...    True
393       393  ...   False

[394 rows x 15 columns]",7,12,10,20,75,0.015,0.01,1.3,65
-0.7962783496706927,-7962.783496706925,11332.193255520342,19294.976752227267,431,158,273,0.3665893271461717,0.5873131334150086,-18.475135723217917,-0.7984911829015623,-0.9354881979254864,71.72274212354647,-70.677570520979,248.05212310621076,-324.281690857492,0 days 06:11:33.271461716,6342.991822655787,14.716918382031988,4,7,10000,2037.2165032930734,"                     timestamp  ...  returns
0    2024-07-20 21:00:00-03:00  ...      NaN
1    2024-07-20 22:00:00-03:00  ...      0.0
2    2024-07-20 23:00:00-03:00  ...      0.0
3    2024-07-21 00:00:00-03:00  ...      0.0
4    2024-07-21 01:00:00-03:00  ...      0.0
...                        ...  ...      ...
6127 2025-04-02 04:00:00-03:00  ...      0.0
6128 2025-04-02 05:00:00-03:00  ...      0.0
6129 2025-04-02 06:00:00-03:00  ...      0.0
6130 2025-04-02 07:00:00-03:00  ...      0.0
6131 2025-04-02 08:00:00-03:00  ...      0.0

[6132 rows x 7 columns]","     trade_id  ...  is_win
0           0  ...   False
1           1  ...   False
2           2  ...   False
3           3  ...   False
4           4  ...   False
..        ...  ...     ...
426       426  ...   False
427       427  ...    True
428       428  ...   False
429       429  ...    True
430       430  ...   False

[431 rows x 15 columns]",9,15,7,25,75,0.015,0.007,1.4,65
-0.7738138116912151,-7738.138116912149,9109.423535399965,16847.561652312113,384,159,225,0.4140625,0.5406968511760758,-20.15140134612539,-0.7803121588691675,-1.0996528850291916,57.2919719207545,-74.87805178805384,263.6099537589626,-261.43918164787317,0 days 05:12:11.250000,6158.360826235981,16.037397984989536,7,7,10000,2261.861883087849,"                     timestamp  ...  returns
0    2024-07-20 21:00:00-03:00  ...      NaN
1    2024-07-20 22:00:00-03:00  ...      0.0
2    2024-07-20 23:00:00-03:00  ...      0.0
3    2024-07-21 00:00:00-03:00  ...      0.0
4    2024-07-21 01:00:00-03:00  ...      0.0
...                        ...  ...      ...
6127 2025-04-02 04:00:00-03:00  ...      0.0
6128 2025-04-02 05:00:00-03:00  ...      0.0
6129 2025-04-02 06:00:00-03:00  ...      0.0
6130 2025-04-02 07:00:00-03:00  ...      0.0
6131 2025-04-02 08:00:00-03:00  ...      0.0

[6132 rows x 7 columns]","     trade_id  ...  is_win
0           0  ...   False
1           1  ...   False
2           2  ...   False
3           3  ...   False
4           4  ...   False
..        ...  ...     ...
379       379  ...   False
380       380  ...   False
381       381  ...    True
382       382  ...    True
383       383  ...   False

[384 rows x 15 columns]",7,15,7,20,75,0.01,0.007,1.2,75
-0.700317646027651,-7003.176460276514,10707.862327592306,17711.03878786882,322,116,206,0.36024844720496896,0.6045869164335329,-21.748995218250037,-0.7089275438900251,-0.8381992422584978,92.3091579964854,-85.97591644596514,301.78601593590173,-267.22363675011314,0 days 06:35:13.043478260,5890.7930350311435,18.294388307550136,4,10,10000,2996.82353972349,"                     timestamp  ...  returns
0    2024-07-20 21:00:00-03:00  ...      NaN
1    2024-07-20 22:00:00-03:00  ...      0.0
2    2024-07-20 23:00:00-03:00  ...      0.0
3    2024-07-21 00:00:00-03:00  ...      0.0
4    2024-07-21 01:00:00-03:00  ...      0.0
...                        ...  ...      ...
6127 2025-04-02 04:00:00-03:00  ...      0.0
6128 2025-04-02 05:00:00-03:00  ...      0.0
6129 2025-04-02 06:00:00-03:00  ...      0.0
6130 2025-04-02 07:00:00-03:00  ...      0.0
6131 2025-04-02 08:00:00-03:00  ...      0.0

[6132 rows x 7 columns]","     trade_id  ...  is_win
0           0  ...   False
1           1  ...   False
2           2  ...   False
3           3  ...   False
4           4  ...   False
..        ...  ...     ...
317       317  ...   False
318       318  ...   False
319       319  ...    True
320       320  ...    True
321       321  ...   False

[322 rows x 15 columns]",9,12,7,20,75,0.015,0.007,1.4,75
-0.640352393668528,-6403.523936685278,12676.420002650028,19079.943939335306,300,125,175,0.4166666666666667,0.6643845518076318,-21.345079788950926,-0.6460905807448176,-0.6257789563868459,101.41136002120022,-109.02825108191604,352.6332870194936,-355.27433102417604,0 days 08:23:12,5877.126682894713,19.59042227631571,9,9,10000,3596.4760633147202,"                     timestamp  ...  returns
0    2024-07-20 21:00:00-03:00  ...      NaN
1    2024-07-20 22:00:00-03:00  ...      0.0
2    2024-07-20 23:00:00-03:00  ...      0.0
3    2024-07-21 00:00:00-03:00  ...      0.0
4    2024-07-21 01:00:00-03:00  ...      0.0
...                        ...  ...      ...
6127 2025-04-02 04:00:00-03:00  ...      0.0
6128 2025-04-02 05:00:00-03:00  ...      0.0
6129 2025-04-02 06:00:00-03:00  ...      0.0
6130 2025-04-02 07:00:00-03:00  ...      0.0
6131 2025-04-02 08:00:00-03:00  ...      0.0

[6132 rows x 7 columns]","     trade_id  ...  is_win
0           0  ...   False
1           1  ...   False
2           2  ...   False
3           3  ...   False
4           4  ...   False
..        ...  ...     ...
295       295  ...   False
296       296  ...   False
297       297  ...    True
298       298  ...    True
299       299  ...   False

[300 rows x 15 columns]",9,15,10,25,75,0.015,0.01,1.3,75
-0.7555495181209948,-7555.495181209952,9850.21604051129,17405.71122172124,361,126,235,0.3490304709141274,0.5659186180349146,-20.929349532437545,-0.7625725999057187,-0.8773976905932808,78.17631778183564,-74.06685626264358,232.69019519694785,-320.07718222173696,0 days 06:45:12.465373961,5534.537764835405,15.331129542480348,4,10,10000,2444.5048187900516,"                     timestamp  ...  returns
0    2024-07-20 21:00:00-03:00  ...      NaN
1    2024-07-20 22:00:00-03:00  ...      0.0
2    2024-07-20 23:00:00-03:00  ...      0.0
3    2024-07-21 00:00:00-03:00  ...      0.0
4    2024-07-21 01:00:00-03:00  ...      0.0
...                        ...  ...      ...
6127 2025-04-02 04:00:00-03:00  ...      0.0
6128 2025-04-02 05:00:00-03:00  ...      0.0
6129 2025-04-02 06:00:00-03:00  ...      0.0
6130 2025-04-02 07:00:00-03:00  ...      0.0
6131 2025-04-02 08:00:00-03:00  ...      0.0

[6132 rows x 7 columns]","     trade_id  ...  is_win
0           0  ...   False
1           1  ...   False
2           2  ...   False
3           3  ...   False
4           4  ...   False
..        ...  ...     ...
356       356  ...   False
357       357  ...   False
358       358  ...    True
359       359  ...    True
360       360  ...   False

[361 rows x 15 columns]",5,12,7,25,75,0.015,0.007,1.2,70
-0.8892295022022041,-8892.295022022041,9397.805518582183,18290.100540604224,541,222,319,0.41035120147874304,0.5138192377739506,-16.43677453238825,-0.8893208245490299,-1.3696170939112378,42.33245729091073,-57.335738371800076,205.20724905989974,-317.0033845160177,0 days 04:59:13.419593345,6497.0409694041355,12.009317873205426,9,9,10000,1107.704977977959,"                     timestamp  ...  returns
0    2024-07-20 21:00:00-03:00  ...      NaN
1    2024-07-20 22:00:00-03:00  ...      0.0
2    2024-07-20 23:00:00-03:00  ...      0.0
3    2024-07-21 00:00:00-03:00  ...      0.0
4    2024-07-21 01:00:00-03:00  ...      0.0
...                        ...  ...      ...
6127 2025-04-02 04:00:00-03:00  ...      0.0
6128 2025-04-02 05:00:00-03:00  ...      0.0
6129 2025-04-02 06:00:00-03:00  ...      0.0
6130 2025-04-02 07:00:00-03:00  ...      0.0
6131 2025-04-02 08:00:00-03:00  ...      0.0

[6132 rows x 7 columns]","     trade_id  ...  is_win
0           0  ...   False
1           1  ...   False
2           2  ...   False
3           3  ...   False
4           4  ...   False
..        ...  ...     ...
536       536  ...    True
537       537  ...   False
538       538  ...    True
539       539  ...   False
540       540  ...   False

[541 rows x 15 columns]",9,15,10,20,80,0.01,0.007,1.3,65
-0.7391661253899234,-7391.6612538992285,11022.276170329182,18413.93742422841,320,129,191,0.403125,0.5985833402380557,-23.098941418435103,-0.7446706574928179,-0.8028303956543816,85.44400132038125,-96.40804934151001,272.91397741397793,-328.63057516013185,0 days 08:23:03.750000,5374.60768099839,16.79564900311997,6,8,10000,2608.3387461007665,"                     timestamp  ...  returns
0    2024-07-20 21:00:00-03:00  ...      NaN
1    2024-07-20 22:00:00-03:00  ...      0.0
2    2024-07-20 23:00:00-03:00  ...      0.0
3    2024-07-21 00:00:00-03:00  ...      0.0
4    2024-07-21 01:00:00-03:00  ...      0.0
...                        ...  ...      ...
6127 2025-04-02 04:00:00-03:00  ...      0.0
6128 2025-04-02 05:00:00-03:00  ...      0.0
6129 2025-04-02 06:00:00-03:00  ...      0.0
6130 2025-04-02 07:00:00-03:00  ...      0.0
6131 2025-04-02 08:00:00-03:00  ...      0.0

[6132 rows x 7 columns]","     trade_id  ...  is_win
0           0  ...   False
1           1  ...   False
2           2  ...   False
3           3  ...   False
4           4  ...   False
..        ...  ...     ...
315       315  ...   False
316       316  ...   False
317       317  ...    True
318       318  ...    True
319       319  ...   False

[320 rows x 15 columns]",5,15,7,20,75,0.015,0.01,1.2,70
-0.6305344278350121,-6305.34427835012,11858.861840919159,18164.206119269278,290,122,168,0.4206896551724138,0.6528698123689991,-21.74256647706938,-0.6383314791418517,-0.6129200616599322,97.20378558130457,-108.12027451945998,362.95591027141893,-352.85976643065396,0 days 08:20:28.965517241,5534.66724123695,19.085059452541206,6,8,10000,3694.6557216498786,"                     timestamp  ...  returns
0    2024-07-20 21:00:00-03:00  ...      NaN
1    2024-07-20 22:00:00-03:00  ...      0.0
2    2024-07-20 23:00:00-03:00  ...      0.0
3    2024-07-21 00:00:00-03:00  ...      0.0
4    2024-07-21 01:00:00-03:00  ...      0.0
...                        ...  ...      ...
6127 2025-04-02 04:00:00-03:00  ...      0.0
6128 2025-04-02 05:00:00-03:00  ...      0.0
6129 2025-04-02 06:00:00-03:00  ...      0.0
6130 2025-04-02 07:00:00-03:00  ...      0.0
6131 2025-04-02 08:00:00-03:00  ...      0.0

[6132 rows x 7 columns]","     trade_id  ...  is_win
0           0  ...   False
1           1  ...   False
2           2  ...   False
3           3  ...   False
4           4  ...   False
..        ...  ...     ...
285       285  ...   False
286       286  ...   False
287       287  ...    True
288       288  ...    True
289       289  ...   False

[290 rows x 15 columns]",7,12,7,25,75,0.015,0.01,1.2,75
-0.7560364491387134,-7560.364491387139,13426.71567644472,20987.08016783186,391,168,223,0.4296675191815857,0.6397610133983593,-19.335970566207507,-0.7567915786545049,-0.7694302652571738,79.9209266455043,-94.11246712032225,269.21963619635335,-360.1791297522337,0 days 07:46:20.562659846,6448.211591361778,16.491589747728334,8,5,10000,2439.635508612866,"                     timestamp  ...  returns
0    2024-07-20 21:00:00-03:00  ...      NaN
1    2024-07-20 22:00:00-03:00  ...      0.0
2    2024-07-20 23:00:00-03:00  ...      0.0
3    2024-07-21 00:00:00-03:00  ...      0.0
4    2024-07-21 01:00:00-03:00  ...      0.0
...                        ...  ...      ...
6127 2025-04-02 04:00:00-03:00  ...      0.0
6128 2025-04-02 05:00:00-03:00  ...      0.0
6129 2025-04-02 06:00:00-03:00  ...      0.0
6130 2025-04-02 07:00:00-03:00  ...      0.0
6131 2025-04-02 08:00:00-03:00  ...      0.0

[6132 rows x 7 columns]","     trade_id  ...  is_win
0           0  ...   False
1           1  ...   False
2           2  ...   False
3           3  ...   False
4           4  ...   False
..        ...  ...     ...
386       386  ...   False
387       387  ...    True
388       388  ...   False
389       389  ...    True
390       390  ...   False

[391 rows x 15 columns]",9,15,7,25,80,0.015,0.01,1.2,65
-0.7272035266851761,-7272.03526685177,12170.02572495085,19442.06099180262,329,133,196,0.40425531914893614,0.6259637663970972,-22.103450659123922,-0.7315560016358639,-0.75264228408454,91.50395281917933,-99.19418873368684,294.9980418233985,-320.0283552686287,0 days 08:41:23.890577507,5811.252460916622,17.663381340172105,8,9,10000,2727.9647331482392,"                     timestamp  ...  returns
0    2024-07-20 21:00:00-03:00  ...      NaN
1    2024-07-20 22:00:00-03:00  ...      0.0
2    2024-07-20 23:00:00-03:00  ...      0.0
3    2024-07-21 00:00:00-03:00  ...      0.0
4    2024-07-21 01:00:00-03:00  ...      0.0
...                        ...  ...      ...
6127 2025-04-02 04:00:00-03:00  ...      0.0
6128 2025-04-02 05:00:00-03:00  ...      0.0
6129 2025-04-02 06:00:00-03:00  ...      0.0
6130 2025-04-02 07:00:00-03:00  ...      0.0
6131 2025-04-02 08:00:00-03:00  ...      0.0

[6132 rows x 7 columns]","     trade_id  ...  is_win
0           0  ...   False
1           1  ...   False
2           2  ...   False
3           3  ...   False
4           4  ...   False
..        ...  ...     ...
324       324  ...   False
325       325  ...   False
326       326  ...    True
327       327  ...    True
328       328  ...   False

[329 rows x 15 columns]",5,12,10,20,80,0.015,0.01,1.3,70
-0.8453245738125789,-8453.245738125792,10403.799616129232,18857.045354255024,455,158,297,0.34725274725274724,0.551719499034967,-18.57856206181493,-0.8454520926302835,-1.0670166881058762,65.84683301347616,-63.491735199511865,202.4308155289891,-320.48078231121093,0 days 06:15:09.890109890,6006.721922017425,13.201586641796538,6,8,10000,1546.7542618742111,"                     timestamp  ...  returns
0    2024-07-20 21:00:00-03:00  ...      NaN
1    2024-07-20 22:00:00-03:00  ...      0.0
2    2024-07-20 23:00:00-03:00  ...      0.0
3    2024-07-21 00:00:00-03:00  ...      0.0
4    2024-07-21 01:00:00-03:00  ...      0.0
...                        ...  ...      ...
6127 2025-04-02 04:00:00-03:00  ...      0.0
6128 2025-04-02 05:00:00-03:00  ...      0.0
6129 2025-04-02 06:00:00-03:00  ...      0.0
6130 2025-04-02 07:00:00-03:00  ...      0.0
6131 2025-04-02 08:00:00-03:00  ...      0.0

[6132 rows x 7 columns]","     trade_id  ...  is_win
0           0  ...   False
1           1  ...   False
2           2  ...   False
3           3  ...   False
4           4  ...   False
..        ...  ...     ...
450       450  ...    True
451       451  ...   False
452       452  ...    True
453       453  ...   False
454       454  ...   False

[455 rows x 15 columns]",7,15,10,20,80,0.015,0.007,1.4,65
-0.8364502144454886,-8364.502144454882,8856.38947365722,17220.891618112102,443,179,264,0.4040632054176072,0.514281703297087,-18.881494682742396,-0.8403135260358416,-1.1635625405465884,49.4770361656828,-65.23065006860645,215.1195994947511,-240.0433819714432,0 days 05:23:09.616252821,6035.820269474782,13.624876454796349,8,10,10000,1635.4978555451137,"                     timestamp  ...  returns
0    2024-07-20 21:00:00-03:00  ...      NaN
1    2024-07-20 22:00:00-03:00  ...      0.0
2    2024-07-20 23:00:00-03:00  ...      0.0
3    2024-07-21 00:00:00-03:00  ...      0.0
4    2024-07-21 01:00:00-03:00  ...      0.0
...                        ...  ...      ...
6127 2025-04-02 04:00:00-03:00  ...      0.0
6128 2025-04-02 05:00:00-03:00  ...      0.0
6129 2025-04-02 06:00:00-03:00  ...      0.0
6130 2025-04-02 07:00:00-03:00  ...      0.0
6131 2025-04-02 08:00:00-03:00  ...      0.0

[6132 rows x 7 columns]","     trade_id  ...  is_win
0           0  ...   False
1           1  ...   False
2           2  ...   False
3           3  ...   False
4           4  ...   False
..        ...  ...     ...
438       438  ...   False
439       439  ...   False
440       440  ...    True
441       441  ...    True
442       442  ...   False

[443 rows x 15 columns]",7,18,7,25,80,0.01,0.007,1.2,70
-0.7568020555339628,-7568.020555339626,10416.764383249381,17984.784938589008,366,130,236,0.3551912568306011,0.5791987181842068,-20.677651790545426,-0.7601371486968195,-0.8694955745513763,80.12895679422601,-76.20671584147884,248.54119838571006,-314.8570289373782,0 days 07:02:57.049180327,5740.821244999004,15.68530394808471,6,11,10000,2431.979444660371,"                     timestamp  ...  returns
0    2024-07-20 21:00:00-03:00  ...      NaN
1    2024-07-20 22:00:00-03:00  ...      0.0
2    2024-07-20 23:00:00-03:00  ...      0.0
3    2024-07-21 00:00:00-03:00  ...      0.0
4    2024-07-21 01:00:00-03:00  ...      0.0
...                        ...  ...      ...
6127 2025-04-02 04:00:00-03:00  ...      0.0
6128 2025-04-02 05:00:00-03:00  ...      0.0
6129 2025-04-02 06:00:00-03:00  ...      0.0
6130 2025-04-02 07:00:00-03:00  ...      0.0
6131 2025-04-02 08:00:00-03:00  ...      0.0

[6132 rows x 7 columns]","     trade_id  ...  is_win
0           0  ...   False
1           1  ...   False
2           2  ...   False
3           3  ...   False
4           4  ...   False
..        ...  ...     ...
361       361  ...   False
362       362  ...    True
363       363  ...    True
364       364  ...   False
365       365  ...   False

[366 rows x 15 columns]",9,18,10,25,75,0.015,0.007,1.2,70
-0.6816995810644607,-6816.995810644603,12564.238351789321,19381.234162433924,319,133,186,0.4169278996865204,0.6482682292824373,-21.369892823337295,-0.6867780726716873,-0.681509350342428,94.46795753225054,-104.20018366899959,320.0453958780155,-317.0096521546416,0 days 08:27:16.363636363,5911.781292434962,18.53222975684941,12,9,10000,3183.0041893553926,"                     timestamp  ...  returns
0    2024-07-20 21:00:00-03:00  ...      NaN
1    2024-07-20 22:00:00-03:00  ...      0.0
2    2024-07-20 23:00:00-03:00  ...      0.0
3    2024-07-21 00:00:00-03:00  ...      0.0
4    2024-07-21 01:00:00-03:00  ...      0.0
...                        ...  ...      ...
6127 2025-04-02 04:00:00-03:00  ...      0.0
6128 2025-04-02 05:00:00-03:00  ...      0.0
6129 2025-04-02 06:00:00-03:00  ...      0.0
6130 2025-04-02 07:00:00-03:00  ...      0.0
6131 2025-04-02 08:00:00-03:00  ...      0.0

[6132 rows x 7 columns]","     trade_id  ...  is_win
0           0  ...   False
1           1  ...   False
2           2  ...   False
3           3  ...   False
4           4  ...   False
..        ...  ...     ...
314       314  ...   False
315       315  ...   False
316       316  ...    True
317       317  ...    True
318       318  ...   False

[319 rows x 15 columns]",9,18,10,25,75,0.015,0.01,1.4,70
-0.7731767920252549,-7731.767920252538,12439.413298052257,20171.181218304795,391,164,227,0.4194373401534527,0.616692357449242,-19.774342507039737,-0.7738788678009336,-0.8165518295679576,75.8500810856845,-88.85982915552773,259.44459396590327,-349.5513890845565,0 days 07:40:03.069053708,6118.327658185198,15.647896824003064,8,6,10000,2268.232079747451,"                     timestamp  ...  returns
0    2024-07-20 21:00:00-03:00  ...      NaN
1    2024-07-20 22:00:00-03:00  ...      0.0
2    2024-07-20 23:00:00-03:00  ...      0.0
3    2024-07-21 00:00:00-03:00  ...      0.0
4    2024-07-21 01:00:00-03:00  ...      0.0
...                        ...  ...      ...
6127 2025-04-02 04:00:00-03:00  ...      0.0
6128 2025-04-02 05:00:00-03:00  ...      0.0
6129 2025-04-02 06:00:00-03:00  ...      0.0
6130 2025-04-02 07:00:00-03:00  ...      0.0
6131 2025-04-02 08:00:00-03:00  ...      0.0

[6132 rows x 7 columns]","     trade_id  ...  is_win
0           0  ...   False
1           1  ...   False
2           2  ...   False
3           3  ...   False
4           4  ...   False
..        ...  ...     ...
386       386  ...   False
387       387  ...    True
388       388  ...   False
389       389  ...    True
390       390  ...   False

[391 rows x 15 columns]",5,18,10,20,75,0.015,0.01,1.4,65
-0.8248668883286615,-8248.66888328662,10862.245435821103,19110.914319107724,447,159,288,0.35570469798657717,0.5683791604340286,-18.45339794918706,-0.82501127304375,-1.0109249402104012,68.31600903032141,-66.3573413857907,216.695710029921,-319.7240310288012,0 days 06:08:51.543624161,6169.339283115867,13.801653877216705,6,8,10000,1751.3311167133845,"                     timestamp  ...  returns
0    2024-07-20 21:00:00-03:00  ...      NaN
1    2024-07-20 22:00:00-03:00  ...      0.0
2    2024-07-20 23:00:00-03:00  ...      0.0
3    2024-07-21 00:00:00-03:00  ...      0.0
4    2024-07-21 01:00:00-03:00  ...      0.0
...                        ...  ...      ...
6127 2025-04-02 04:00:00-03:00  ...      0.0
6128 2025-04-02 05:00:00-03:00  ...      0.0
6129 2025-04-02 06:00:00-03:00  ...      0.0
6130 2025-04-02 07:00:00-03:00  ...      0.0
6131 2025-04-02 08:00:00-03:00  ...      0.0

[6132 rows x 7 columns]","     trade_id  ...  is_win
0           0  ...   False
1           1  ...   False
2           2  ...   False
3           3  ...   False
4           4  ...   False
..        ...  ...     ...
442       442  ...    True
443       443  ...   False
444       444  ...    True
445       445  ...   False
446       446  ...   False

[447 rows x 15 columns]",9,18,10,25,75,0.015,0.007,1.4,65
-0.8892295022022041,-8892.295022022041,9397.805518582183,18290.100540604224,541,222,319,0.41035120147874304,0.5138192377739506,-16.43677453238825,-0.8893208245490299,-1.3696170939112378,42.33245729091073,-57.335738371800076,205.20724905989974,-317.0033845160177,0 days 04:59:13.419593345,6497.0409694041355,12.009317873205426,9,9,10000,1107.704977977959,"                     timestamp  ...  returns
0    2024-07-20 21:00:00-03:00  ...      NaN
1    2024-07-20 22:00:00-03:00  ...      0.0
2    2024-07-20 23:00:00-03:00  ...      0.0
3    2024-07-21 00:00:00-03:00  ...      0.0
4    2024-07-21 01:00:00-03:00  ...      0.0
...                        ...  ...      ...
6127 2025-04-02 04:00:00-03:00  ...      0.0
6128 2025-04-02 05:00:00-03:00  ...      0.0
6129 2025-04-02 06:00:00-03:00  ...      0.0
6130 2025-04-02 07:00:00-03:00  ...      0.0
6131 2025-04-02 08:00:00-03:00  ...      0.0

[6132 rows x 7 columns]","     trade_id  ...  is_win
0           0  ...   False
1           1  ...   False
2           2  ...   False
3           3  ...   False
4           4  ...   False
..        ...  ...     ...
536       536  ...    True
537       537  ...   False
538       538  ...    True
539       539  ...   False
540       540  ...   False

[541 rows x 15 columns]",7,12,10,20,80,0.01,0.007,1.3,65
-0.8218450109767563,-8218.450109767562,8432.95951752828,16651.40962729584,427,170,257,0.3981264637002342,0.5064411786317803,-19.246955760579773,-0.8269634179794725,-1.1434440032200073,49.605644220754584,-64.79147714901106,213.56613537038996,-316.22333117149446,0 days 05:22:12.084309133,5779.460172129811,13.535035531919933,7,8,10000,1781.5498902324364,"                     timestamp  ...  returns
0    2024-07-20 21:00:00-03:00  ...      NaN
1    2024-07-20 22:00:00-03:00  ...      0.0
2    2024-07-20 23:00:00-03:00  ...      0.0
3    2024-07-21 00:00:00-03:00  ...      0.0
4    2024-07-21 01:00:00-03:00  ...      0.0
...                        ...  ...      ...
6127 2025-04-02 04:00:00-03:00  ...      0.0
6128 2025-04-02 05:00:00-03:00  ...      0.0
6129 2025-04-02 06:00:00-03:00  ...      0.0
6130 2025-04-02 07:00:00-03:00  ...      0.0
6131 2025-04-02 08:00:00-03:00  ...      0.0

[6132 rows x 7 columns]","     trade_id  ...  is_win
0           0  ...   False
1           1  ...   False
2           2  ...   False
3           3  ...   False
4           4  ...   False
..        ...  ...     ...
422       422  ...   False
423       423  ...   False
424       424  ...    True
425       425  ...    True
426       426  ...   False

[427 rows x 15 columns]",5,12,7,25,75,0.01,0.007,1.3,70
-0.7962783496706927,-7962.783496706925,11332.193255520342,19294.976752227267,431,158,273,0.3665893271461717,0.5873131334150086,-18.475135723217917,-0.7984911829015623,-0.9354881979254864,71.72274212354647,-70.677570520979,248.05212310621076,-324.281690857492,0 days 06:11:33.271461716,6342.991822655787,14.716918382031988,4,7,10000,2037.2165032930734,"                     timestamp  ...  returns
0    2024-07-20 21:00:00-03:00  ...      NaN
1    2024-07-20 22:00:00-03:00  ...      0.0
2    2024-07-20 23:00:00-03:00  ...      0.0
3    2024-07-21 00:00:00-03:00  ...      0.0
4    2024-07-21 01:00:00-03:00  ...      0.0
...                        ...  ...      ...
6127 2025-04-02 04:00:00-03:00  ...      0.0
6128 2025-04-02 05:00:00-03:00  ...      0.0
6129 2025-04-02 06:00:00-03:00  ...      0.0
6130 2025-04-02 07:00:00-03:00  ...      0.0
6131 2025-04-02 08:00:00-03:00  ...      0.0

[6132 rows x 7 columns]","     trade_id  ...  is_win
0           0  ...   False
1           1  ...   False
2           2  ...   False
3           3  ...   False
4           4  ...   False
..        ...  ...     ...
426       426  ...   False
427       427  ...    True
428       428  ...   False
429       429  ...    True
430       430  ...   False

[431 rows x 15 columns]",5,12,7,25,75,0.015,0.007,1.4,65
-0.7440702567761049,-7440.702567761044,10401.92442870947,17842.626996470513,344,120,224,0.3488372093023256,0.58298166692422,-21.629949324886756,-0.7501157330202998,-0.9151194531654112,86.68270357257892,-79.65458480567193,279.72666933917134,-264.3664951072274,0 days 06:58:25.813953488,5822.4300729923125,16.92566881683812,6,11,10000,2559.2974322389505,"                     timestamp  ...  returns
0    2024-07-20 21:00:00-03:00  ...      NaN
1    2024-07-20 22:00:00-03:00  ...      0.0
2    2024-07-20 23:00:00-03:00  ...      0.0
3    2024-07-21 00:00:00-03:00  ...      0.0
4    2024-07-21 01:00:00-03:00  ...      0.0
...                        ...  ...      ...
6127 2025-04-02 04:00:00-03:00  ...      0.0
6128 2025-04-02 05:00:00-03:00  ...      0.0
6129 2025-04-02 06:00:00-03:00  ...      0.0
6130 2025-04-02 07:00:00-03:00  ...      0.0
6131 2025-04-02 08:00:00-03:00  ...      0.0

[6132 rows x 7 columns]","     trade_id  ...  is_win
0           0  ...   False
1           1  ...   False
2           2  ...   False
3           3  ...   False
4           4  ...   False
..        ...  ...     ...
339       339  ...   False
340       340  ...   False
341       341  ...    True
342       342  ...    True
343       343  ...   False

[344 rows x 15 columns]",9,18,10,20,80,0.015,0.007,1.4,75
-0.8839017947867606,-8839.017947867607,9565.850662747442,18404.86861061505,535,220,315,0.411214953271028,0.5197456643200548,-16.52152887451889,-0.8839975094470097,-1.341797990487349,43.48113937612474,-58.428154319412855,205.20724905989974,-317.0033845160177,0 days 05:02:54.953271028,6556.169629839471,12.254522672597142,9,9,10000,1160.9820521323938,"                     timestamp  ...  returns
0    2024-07-20 21:00:00-03:00  ...      NaN
1    2024-07-20 22:00:00-03:00  ...      0.0
2    2024-07-20 23:00:00-03:00  ...      0.0
3    2024-07-21 00:00:00-03:00  ...      0.0
4    2024-07-21 01:00:00-03:00  ...      0.0
...                        ...  ...      ...
6127 2025-04-02 04:00:00-03:00  ...      0.0
6128 2025-04-02 05:00:00-03:00  ...      0.0
6129 2025-04-02 06:00:00-03:00  ...      0.0
6130 2025-04-02 07:00:00-03:00  ...      0.0
6131 2025-04-02 08:00:00-03:00  ...      0.0

[6132 rows x 7 columns]","     trade_id  ...  is_win
0           0  ...   False
1           1  ...   False
2           2  ...   False
3           3  ...   False
4           4  ...   False
..        ...  ...     ...
530       530  ...    True
531       531  ...   False
532       532  ...    True
533       533  ...   False
534       534  ...   False

[535 rows x 15 columns]",5,12,10,25,80,0.01,0.007,1.3,65
-0.8724481294281904,-8724.481294281895,9163.20548166723,17887.686775949125,511,213,298,0.41682974559686886,0.5122633013670392,-17.07334891248904,-0.8738336032715677,-1.2915921061641311,43.019744045386055,-60.025794550164846,204.86274578802076,-316.47119716073144,0 days 05:05:52.250489236,6335.849388352333,12.3989224820985,8,9,10000,1275.5187057180956,"                     timestamp  ...  returns
0    2024-07-20 21:00:00-03:00  ...      NaN
1    2024-07-20 22:00:00-03:00  ...      0.0
2    2024-07-20 23:00:00-03:00  ...      0.0
3    2024-07-21 00:00:00-03:00  ...      0.0
4    2024-07-21 01:00:00-03:00  ...      0.0
...                        ...  ...      ...
6127 2025-04-02 04:00:00-03:00  ...      0.0
6128 2025-04-02 05:00:00-03:00  ...      0.0
6129 2025-04-02 06:00:00-03:00  ...      0.0
6130 2025-04-02 07:00:00-03:00  ...      0.0
6131 2025-04-02 08:00:00-03:00  ...      0.0

[6132 rows x 7 columns]","     trade_id  ...  is_win
0           0  ...   False
1           1  ...   False
2           2  ...   False
3           3  ...   False
4           4  ...   False
..        ...  ...     ...
506       506  ...   False
507       507  ...    True
508       508  ...   False
509       509  ...    True
510       510  ...   False

[511 rows x 15 columns]",5,12,7,25,80,0.01,0.007,1.4,65
-0.641982017228905,-6419.820172289057,12811.925795688496,19231.745967977553,300,125,175,0.4166666666666667,0.6661863055502819,-21.39940057429685,-0.6476942036181644,-0.6299204164039606,102.49540636550796,-109.89569124558602,351.24692202018093,-355.27433102417604,0 days 08:20:36,5914.571224357436,19.715237414524786,9,9,10000,3580.17982771095,"                     timestamp  ...  returns
0    2024-07-20 21:00:00-03:00  ...      NaN
1    2024-07-20 22:00:00-03:00  ...      0.0
2    2024-07-20 23:00:00-03:00  ...      0.0
3    2024-07-21 00:00:00-03:00  ...      0.0
4    2024-07-21 01:00:00-03:00  ...      0.0
...                        ...  ...      ...
6127 2025-04-02 04:00:00-03:00  ...      0.0
6128 2025-04-02 05:00:00-03:00  ...      0.0
6129 2025-04-02 06:00:00-03:00  ...      0.0
6130 2025-04-02 07:00:00-03:00  ...      0.0
6131 2025-04-02 08:00:00-03:00  ...      0.0

[6132 rows x 7 columns]","     trade_id  ...  is_win
0           0  ...   False
1           1  ...   False
2           2  ...   False
3           3  ...   False
4           4  ...   False
..        ...  ...     ...
295       295  ...   False
296       296  ...   False
297       297  ...    True
298       298  ...    True
299       299  ...   False

[300 rows x 15 columns]",5,15,10,20,75,0.015,0.01,1.4,75
-0.736108325454097,-7361.0832545409685,10778.409550631328,18139.492805172296,346,122,224,0.35260115606936415,0.5941957510277228,-21.274807094049045,-0.7423418754487626,-0.8859869657218844,88.3476192674699,-80.97987859451918,286.0158035498978,-266.00782587546604,0 days 06:57:34.335260115,5955.621945459439,17.212780189189132,6,11,10000,2638.91674545903,"                     timestamp  ...  returns
0    2024-07-20 21:00:00-03:00  ...      NaN
1    2024-07-20 22:00:00-03:00  ...      0.0
2    2024-07-20 23:00:00-03:00  ...      0.0
3    2024-07-21 00:00:00-03:00  ...      0.0
4    2024-07-21 01:00:00-03:00  ...      0.0
...                        ...  ...      ...
6127 2025-04-02 04:00:00-03:00  ...      0.0
6128 2025-04-02 05:00:00-03:00  ...      0.0
6129 2025-04-02 06:00:00-03:00  ...      0.0
6130 2025-04-02 07:00:00-03:00  ...      0.0
6131 2025-04-02 08:00:00-03:00  ...      0.0

[6132 rows x 7 columns]","     trade_id  ...  is_win
0           0  ...   False
1           1  ...   False
2           2  ...   False
3           3  ...   False
4           4  ...   False
..        ...  ...     ...
341       341  ...   False
342       342  ...   False
343       343  ...    True
344       344  ...    True
345       345  ...   False

[346 rows x 15 columns]",5,15,10,20,80,0.015,0.007,1.2,75
-0.6927344506350599,-6927.344506350604,11264.503840399742,18191.848346750347,327,119,208,0.363914373088685,0.6192061205485999,-21.184539774772496,-0.7015622143041297,-0.8109312290397936,94.65969613781296,-87.46080935937667,314.6031475340293,-269.0357622737487,0 days 06:31:44.587155963,6115.230178611924,18.70100972052576,4,10,10000,3072.655493649401,"                     timestamp  ...  returns
0    2024-07-20 21:00:00-03:00  ...      NaN
1    2024-07-20 22:00:00-03:00  ...      0.0
2    2024-07-20 23:00:00-03:00  ...      0.0
3    2024-07-21 00:00:00-03:00  ...      0.0
4    2024-07-21 01:00:00-03:00  ...      0.0
...                        ...  ...      ...
6127 2025-04-02 04:00:00-03:00  ...      0.0
6128 2025-04-02 05:00:00-03:00  ...      0.0
6129 2025-04-02 06:00:00-03:00  ...      0.0
6130 2025-04-02 07:00:00-03:00  ...      0.0
6131 2025-04-02 08:00:00-03:00  ...      0.0

[6132 rows x 7 columns]","     trade_id  ...  is_win
0           0  ...   False
1           1  ...   False
2           2  ...   False
3           3  ...   False
4           4  ...   False
..        ...  ...     ...
322       322  ...   False
323       323  ...   False
324       324  ...    True
325       325  ...    True
326       326  ...   False

[327 rows x 15 columns]",9,15,7,20,75,0.015,0.007,1.2,75
-0.8751318698979268,-8751.318698979276,9628.903202956075,18380.22190193535,526,223,303,0.42395437262357416,0.5238730660777385,-16.637488020873146,-0.876488192838173,-1.2840686234484535,43.17893812984787,-60.66079835622228,206.4691297184747,-318.95273299886134,0 days 05:04:06.387832699,6547.532709504918,12.447780816549274,8,7,10000,1248.681301020731,"                     timestamp  ...  returns
0    2024-07-20 21:00:00-03:00  ...      NaN
1    2024-07-20 22:00:00-03:00  ...      0.0
2    2024-07-20 23:00:00-03:00  ...      0.0
3    2024-07-21 00:00:00-03:00  ...      0.0
4    2024-07-21 01:00:00-03:00  ...      0.0
...                        ...  ...      ...
6127 2025-04-02 04:00:00-03:00  ...      0.0
6128 2025-04-02 05:00:00-03:00  ...      0.0
6129 2025-04-02 06:00:00-03:00  ...      0.0
6130 2025-04-02 07:00:00-03:00  ...      0.0
6131 2025-04-02 08:00:00-03:00  ...      0.0

[6132 rows x 7 columns]","     trade_id  ...  is_win
0           0  ...   False
1           1  ...   False
2           2  ...   False
3           3  ...   False
4           4  ...   False
..        ...  ...     ...
521       521  ...   False
522       522  ...    True
523       523  ...   False
524       524  ...    True
525       525  ...   False

[526 rows x 15 columns]",7,18,7,20,80,0.01,0.007,1.2,65
-0.6421703394970918,-6421.703394970917,11794.574767249424,18216.27816222034,292,122,170,0.4178082191780822,0.6474744545628859,-21.99213491428396,-0.6497218312523352,-0.632176288693154,96.67684235450348,-107.15457742482553,351.52501324791535,-352.85976643065396,0 days 08:18:29.589041095,5536.412991247245,18.960318463175497,6,8,10000,3578.2966050290825,"                     timestamp  ...  returns
0    2024-07-20 21:00:00-03:00  ...      NaN
1    2024-07-20 22:00:00-03:00  ...      0.0
2    2024-07-20 23:00:00-03:00  ...      0.0
3    2024-07-21 00:00:00-03:00  ...      0.0
4    2024-07-21 01:00:00-03:00  ...      0.0
...                        ...  ...      ...
6127 2025-04-02 04:00:00-03:00  ...      0.0
6128 2025-04-02 05:00:00-03:00  ...      0.0
6129 2025-04-02 06:00:00-03:00  ...      0.0
6130 2025-04-02 07:00:00-03:00  ...      0.0
6131 2025-04-02 08:00:00-03:00  ...      0.0

[6132 rows x 7 columns]","     trade_id  ...  is_win
0           0  ...   False
1           1  ...   False
2           2  ...   False
3           3  ...   False
4           4  ...   False
..        ...  ...     ...
287       287  ...   False
288       288  ...   False
289       289  ...    True
290       290  ...    True
291       291  ...   False

[292 rows x 15 columns]",9,18,7,20,75,0.015,0.01,1.2,75
-0.7120254398571765,-7120.254398571758,11202.285503364406,18322.539901936165,334,122,212,0.3652694610778443,0.6113937021461008,-21.318126941831615,-0.7188278667277136,-0.832666727205128,91.82201232265906,-86.42707500913285,305.5547643552823,-264.56350824013884,0 days 06:44:00.718562874,6091.812033772251,18.23895818494686,5,10,10000,2879.745601428235,"                     timestamp  ...  returns
0    2024-07-20 21:00:00-03:00  ...      NaN
1    2024-07-20 22:00:00-03:00  ...      0.0
2    2024-07-20 23:00:00-03:00  ...      0.0
3    2024-07-21 00:00:00-03:00  ...      0.0
4    2024-07-21 01:00:00-03:00  ...      0.0
...                        ...  ...      ...
6127 2025-04-02 04:00:00-03:00  ...      0.0
6128 2025-04-02 05:00:00-03:00  ...      0.0
6129 2025-04-02 06:00:00-03:00  ...      0.0
6130 2025-04-02 07:00:00-03:00  ...      0.0
6131 2025-04-02 08:00:00-03:00  ...      0.0

[6132 rows x 7 columns]","     trade_id  ...  is_win
0           0  ...   False
1           1  ...   False
2           2  ...   False
3           3  ...   False
4           4  ...   False
..        ...  ...     ...
329       329  ...   False
330       330  ...   False
331       331  ...    True
332       332  ...    True
333       333  ...   False

[334 rows x 15 columns]",9,18,7,20,80,0.015,0.007,1.2,75
-0.7815124995110445,-7815.1249951104455,13147.660759308243,20962.785754418688,399,166,233,0.41604010025062654,0.6271905324671309,-19.58677943636703,-0.7821887741425142,-0.8192938455858727,79.20277565848339,-89.9690375726124,255.03484768910627,-360.3508416906204,0 days 07:53:23.007518796,6281.761728709958,15.743763731102652,8,6,10000,2184.875004889555,"                     timestamp  ...  returns
0    2024-07-20 21:00:00-03:00  ...      NaN
1    2024-07-20 22:00:00-03:00  ...      0.0
2    2024-07-20 23:00:00-03:00  ...      0.0
3    2024-07-21 00:00:00-03:00  ...      0.0
4    2024-07-21 01:00:00-03:00  ...      0.0
...                        ...  ...      ...
6127 2025-04-02 04:00:00-03:00  ...      0.0
6128 2025-04-02 05:00:00-03:00  ...      0.0
6129 2025-04-02 06:00:00-03:00  ...      0.0
6130 2025-04-02 07:00:00-03:00  ...      0.0
6131 2025-04-02 08:00:00-03:00  ...      0.0

[6132 rows x 7 columns]","     trade_id  ...  is_win
0           0  ...   False
1           1  ...   False
2           2  ...   False
3           3  ...   False
4           4  ...   False
..        ...  ...     ...
394       394  ...   False
395       395  ...    True
396       396  ...   False
397       397  ...    True
398       398  ...   False

[399 rows x 15 columns]",9,18,10,25,80,0.015,0.01,1.2,65
-0.7933302343014479,-7933.302343014486,10021.721104027936,17955.023447042422,380,129,251,0.3394736842105263,0.558156948866515,-20.877111428985483,-0.7961643985624318,-0.9565442609667508,77.68776049634059,-71.53395795634431,234.63518600735742,-315.60226056622133,0 days 06:58:34.736842105,5702.572159460907,15.006768840686597,6,11,10000,2066.697656985521,"                     timestamp  ...  returns
0    2024-07-20 21:00:00-03:00  ...      NaN
1    2024-07-20 22:00:00-03:00  ...      0.0
2    2024-07-20 23:00:00-03:00  ...      0.0
3    2024-07-21 00:00:00-03:00  ...      0.0
4    2024-07-21 01:00:00-03:00  ...      0.0
...                        ...  ...      ...
6127 2025-04-02 04:00:00-03:00  ...      0.0
6128 2025-04-02 05:00:00-03:00  ...      0.0
6129 2025-04-02 06:00:00-03:00  ...      0.0
6130 2025-04-02 07:00:00-03:00  ...      0.0
6131 2025-04-02 08:00:00-03:00  ...      0.0

[6132 rows x 7 columns]","     trade_id  ...  is_win
0           0  ...   False
1           1  ...   False
2           2  ...   False
3           3  ...   False
4           4  ...   False
..        ...  ...     ...
375       375  ...   False
376       376  ...    True
377       377  ...    True
378       378  ...   False
379       379  ...   False

[380 rows x 15 columns]",9,12,10,20,80,0.015,0.007,1.3,70
-0.8072385447834892,-8072.3854478348985,10994.89218853321,19067.277636368108,445,164,281,0.3685393258426966,0.5766367070442203,-18.140192017606516,-0.8093323279088683,-0.9460736393049552,67.04202553983664,-67.85508055647013,231.41006341167696,-320.7138449252614,0 days 06:12:24.269662921,6242.7388860765295,14.028626710284335,6,8,10000,1927.6145521651079,"                     timestamp  ...  returns
0    2024-07-20 21:00:00-03:00  ...      NaN
1    2024-07-20 22:00:00-03:00  ...      0.0
2    2024-07-20 23:00:00-03:00  ...      0.0
3    2024-07-21 00:00:00-03:00  ...      0.0
4    2024-07-21 01:00:00-03:00  ...      0.0
...                        ...  ...      ...
6127 2025-04-02 04:00:00-03:00  ...      0.0
6128 2025-04-02 05:00:00-03:00  ...      0.0
6129 2025-04-02 06:00:00-03:00  ...      0.0
6130 2025-04-02 07:00:00-03:00  ...      0.0
6131 2025-04-02 08:00:00-03:00  ...      0.0

[6132 rows x 7 columns]","     trade_id  ...  is_win
0           0  ...   False
1           1  ...   False
2           2  ...   False
3           3  ...   False
4           4  ...   False
..        ...  ...     ...
440       440  ...   False
441       441  ...    True
442       442  ...   False
443       443  ...    True
444       444  ...   False

[445 rows x 15 columns]",5,15,7,25,80,0.015,0.007,1.3,65
-0.7328103094380797,-7328.103094380796,11020.74988494932,18348.852979330117,317,128,189,0.4037854889589905,0.6006233685214076,-23.117044461769083,-0.7384489720982087,-0.7891367409918861,86.09960847616657,-97.08387819751384,272.3050950526599,-328.63057516013185,0 days 08:26:07.192429022,5336.880950777928,16.835586595513966,6,8,10000,2671.896905619204,"                     timestamp  ...  returns
0    2024-07-20 21:00:00-03:00  ...      NaN
1    2024-07-20 22:00:00-03:00  ...      0.0
2    2024-07-20 23:00:00-03:00  ...      0.0
3    2024-07-21 00:00:00-03:00  ...      0.0
4    2024-07-21 01:00:00-03:00  ...      0.0
...                        ...  ...      ...
6127 2025-04-02 04:00:00-03:00  ...      0.0
6128 2025-04-02 05:00:00-03:00  ...      0.0
6129 2025-04-02 06:00:00-03:00  ...      0.0
6130 2025-04-02 07:00:00-03:00  ...      0.0
6131 2025-04-02 08:00:00-03:00  ...      0.0

[6132 rows x 7 columns]","     trade_id  ...  is_win
0           0  ...   False
1           1  ...   False
2           2  ...   False
3           3  ...   False
4           4  ...   False
..        ...  ...     ...
312       312  ...   False
313       313  ...   False
314       314  ...    True
315       315  ...    True
316       316  ...   False

[317 rows x 15 columns]",7,18,7,25,75,0.015,0.01,1.2,70
-0.7586036622690393,-7586.036622690401,9740.376454230682,17326.413076921082,361,124,237,0.34349030470914127,0.5621692390102911,-21.013951863408312,-0.7655389982495039,-0.8958440439999626,78.55142301798936,-73.1072281726628,236.12691349316734,-320.07718222173696,0 days 06:40:13.296398891,5515.126670087711,15.277359196918868,4,10,10000,2413.963377309607,"                     timestamp  ...  returns
0    2024-07-20 21:00:00-03:00  ...      NaN
1    2024-07-20 22:00:00-03:00  ...      0.0
2    2024-07-20 23:00:00-03:00  ...      0.0
3    2024-07-21 00:00:00-03:00  ...      0.0
4    2024-07-21 01:00:00-03:00  ...      0.0
...                        ...  ...      ...
6127 2025-04-02 04:00:00-03:00  ...      0.0
6128 2025-04-02 05:00:00-03:00  ...      0.0
6129 2025-04-02 06:00:00-03:00  ...      0.0
6130 2025-04-02 07:00:00-03:00  ...      0.0
6131 2025-04-02 08:00:00-03:00  ...      0.0

[6132 rows x 7 columns]","     trade_id  ...  is_win
0           0  ...   False
1           1  ...   False
2           2  ...   False
3           3  ...   False
4           4  ...   False
..        ...  ...     ...
356       356  ...   False
357       357  ...   False
358       358  ...    True
359       359  ...    True
360       360  ...   False

[361 rows x 15 columns]",5,18,7,25,75,0.015,0.007,1.4,70
-0.7551177030873126,-7551.1770308731175,10466.412690255893,18017.58972112901,366,128,238,0.34972677595628415,0.5808997125726565,-20.631631231893767,-0.7584758946046434,-0.8783073486591411,81.76884914262416,-75.7041584921387,257.02606861889836,-314.8570289373782,0 days 06:49:40.327868852,5790.766152604791,15.821765444275385,6,11,10000,2448.822969126874,"                     timestamp  ...  returns
0    2024-07-20 21:00:00-03:00  ...      NaN
1    2024-07-20 22:00:00-03:00  ...      0.0
2    2024-07-20 23:00:00-03:00  ...      0.0
3    2024-07-21 00:00:00-03:00  ...      0.0
4    2024-07-21 01:00:00-03:00  ...      0.0
...                        ...  ...      ...
6127 2025-04-02 04:00:00-03:00  ...      0.0
6128 2025-04-02 05:00:00-03:00  ...      0.0
6129 2025-04-02 06:00:00-03:00  ...      0.0
6130 2025-04-02 07:00:00-03:00  ...      0.0
6131 2025-04-02 08:00:00-03:00  ...      0.0

[6132 rows x 7 columns]","     trade_id  ...  is_win
0           0  ...   False
1           1  ...   False
2           2  ...   False
3           3  ...   False
4           4  ...   False
..        ...  ...     ...
361       361  ...   False
362       362  ...    True
363       363  ...    True
364       364  ...   False
365       365  ...   False

[366 rows x 15 columns]",7,12,10,25,75,0.015,0.007,1.4,70
-0.7328103094380797,-7328.103094380796,11020.74988494932,18348.852979330117,317,128,189,0.4037854889589905,0.6006233685214076,-23.117044461769083,-0.7384489720982087,-0.7891367409918861,86.09960847616657,-97.08387819751384,272.3050950526599,-328.63057516013185,0 days 08:26:07.192429022,5336.880950777928,16.835586595513966,6,8,10000,2671.896905619204,"                     timestamp  ...  returns
0    2024-07-20 21:00:00-03:00  ...      NaN
1    2024-07-20 22:00:00-03:00  ...      0.0
2    2024-07-20 23:00:00-03:00  ...      0.0
3    2024-07-21 00:00:00-03:00  ...      0.0
4    2024-07-21 01:00:00-03:00  ...      0.0
...                        ...  ...      ...
6127 2025-04-02 04:00:00-03:00  ...      0.0
6128 2025-04-02 05:00:00-03:00  ...      0.0
6129 2025-04-02 06:00:00-03:00  ...      0.0
6130 2025-04-02 07:00:00-03:00  ...      0.0
6131 2025-04-02 08:00:00-03:00  ...      0.0

[6132 rows x 7 columns]","     trade_id  ...  is_win
0           0  ...   False
1           1  ...   False
2           2  ...   False
3           3  ...   False
4           4  ...   False
..        ...  ...     ...
312       312  ...   False
313       313  ...   False
314       314  ...    True
315       315  ...    True
316       316  ...   False

[317 rows x 15 columns]",7,12,7,25,75,0.015,0.01,1.2,70
-0.6719085673136289,-6719.085673136278,11638.424485416048,18357.510158552326,297,123,174,0.41414141414141414,0.6339870921980116,-22.623184084633934,-0.6771432748043473,-0.6761296041920221,94.62133727980527,-105.50293194570303,319.0076529009496,-352.85976643065396,0 days 08:27:52.727272727,5503.725172217983,18.531061185919132,6,8,10000,3280.914326863711,"                     timestamp  ...  returns
0    2024-07-20 21:00:00-03:00  ...      NaN
1    2024-07-20 22:00:00-03:00  ...      0.0
2    2024-07-20 23:00:00-03:00  ...      0.0
3    2024-07-21 00:00:00-03:00  ...      0.0
4    2024-07-21 01:00:00-03:00  ...      0.0
...                        ...  ...      ...
6127 2025-04-02 04:00:00-03:00  ...      0.0
6128 2025-04-02 05:00:00-03:00  ...      0.0
6129 2025-04-02 06:00:00-03:00  ...      0.0
6130 2025-04-02 07:00:00-03:00  ...      0.0
6131 2025-04-02 08:00:00-03:00  ...      0.0

[6132 rows x 7 columns]","     trade_id  ...  is_win
0           0  ...   False
1           1  ...   False
2           2  ...   False
3           3  ...   False
4           4  ...   False
..        ...  ...     ...
292       292  ...   False
293       293  ...   False
294       294  ...    True
295       295  ...    True
296       296  ...   False

[297 rows x 15 columns]",7,18,7,20,80,0.015,0.01,1.3,75
-0.7924890110271963,-7924.890110271968,9400.876117532054,17325.766227804022,398,166,232,0.41708542713567837,0.5425951149245987,-19.91178419666325,-0.7973907576489128,-1.1281413991271447,56.63178384055454,-74.68002684398286,266.8827706373329,-263.7407186732227,0 days 05:14:10.251256281,6341.709802453466,15.933944227270015,8,9,10000,2075.109889728037,"                     timestamp  ...  returns
0    2024-07-20 21:00:00-03:00  ...      NaN
1    2024-07-20 22:00:00-03:00  ...      0.0
2    2024-07-20 23:00:00-03:00  ...      0.0
3    2024-07-21 00:00:00-03:00  ...      0.0
4    2024-07-21 01:00:00-03:00  ...      0.0
...                        ...  ...      ...
6127 2025-04-02 04:00:00-03:00  ...      0.0
6128 2025-04-02 05:00:00-03:00  ...      0.0
6129 2025-04-02 06:00:00-03:00  ...      0.0
6130 2025-04-02 07:00:00-03:00  ...      0.0
6131 2025-04-02 08:00:00-03:00  ...      0.0

[6132 rows x 7 columns]","     trade_id  ...  is_win
0           0  ...   False
1           1  ...   False
2           2  ...   False
3           3  ...   False
4           4  ...   False
..        ...  ...     ...
393       393  ...   False
394       394  ...   False
395       395  ...    True
396       396  ...    True
397       397  ...   False

[398 rows x 15 columns]",5,15,7,25,80,0.01,0.007,1.2,75
-0.8734282523645117,-8734.282523645123,10082.367837865308,18816.65036151043,527,221,306,0.41935483870967744,0.5358216071489987,-16.57359112646133,-0.8735326017108246,-1.2945078121191909,45.62157392699234,-61.49232144284454,208.40923017446167,-318.66914527599937,0 days 05:06:36.204933586,6754.799699871819,12.817456735999656,8,7,10000,1265.717476354882,"                     timestamp  ...  returns
0    2024-07-20 21:00:00-03:00  ...      NaN
1    2024-07-20 22:00:00-03:00  ...      0.0
2    2024-07-20 23:00:00-03:00  ...      0.0
3    2024-07-21 00:00:00-03:00  ...      0.0
4    2024-07-21 01:00:00-03:00  ...      0.0
...                        ...  ...      ...
6127 2025-04-02 04:00:00-03:00  ...      0.0
6128 2025-04-02 05:00:00-03:00  ...      0.0
6129 2025-04-02 06:00:00-03:00  ...      0.0
6130 2025-04-02 07:00:00-03:00  ...      0.0
6131 2025-04-02 08:00:00-03:00  ...      0.0

[6132 rows x 7 columns]","     trade_id  ...  is_win
0           0  ...   False
1           1  ...   False
2           2  ...   False
3           3  ...   False
4           4  ...   False
..        ...  ...     ...
522       522  ...    True
523       523  ...   False
524       524  ...    True
525       525  ...   False
526       526  ...   False

[527 rows x 15 columns]",5,18,10,25,75,0.01,0.007,1.2,65
-0.641982017228905,-6419.820172289057,12811.925795688496,19231.745967977553,300,125,175,0.4166666666666667,0.6661863055502819,-21.39940057429685,-0.6476942036181644,-0.6299204164039606,102.49540636550796,-109.89569124558602,351.24692202018093,-355.27433102417604,0 days 08:20:36,5914.571224357436,19.715237414524786,9,9,10000,3580.17982771095,"                     timestamp  ...  returns
0    2024-07-20 21:00:00-03:00  ...      NaN
1    2024-07-20 22:00:00-03:00  ...      0.0
2    2024-07-20 23:00:00-03:00  ...      0.0
3    2024-07-21 00:00:00-03:00  ...      0.0
4    2024-07-21 01:00:00-03:00  ...      0.0
...                        ...  ...      ...
6127 2025-04-02 04:00:00-03:00  ...      0.0
6128 2025-04-02 05:00:00-03:00  ...      0.0
6129 2025-04-02 06:00:00-03:00  ...      0.0
6130 2025-04-02 07:00:00-03:00  ...      0.0
6131 2025-04-02 08:00:00-03:00  ...      0.0

[6132 rows x 7 columns]","     trade_id  ...  is_win
0           0  ...   False
1           1  ...   False
2           2  ...   False
3           3  ...   False
4           4  ...   False
..        ...  ...     ...
295       295  ...   False
296       296  ...   False
297       297  ...    True
298       298  ...    True
299       299  ...   False

[300 rows x 15 columns]",9,18,10,20,75,0.015,0.01,1.4,75
-0.7235024140731472,-7235.024140731479,12275.81863676343,19510.84277749491,328,133,195,0.4054878048780488,0.6291793120758047,-22.058000429059383,-0.7279139403735014,-0.7449752489990327,92.29938824634158,-100.05560398715338,299.00036985883605,-320.0283552686287,0 days 08:42:48.292682926,5838.898018711436,17.80151834972999,8,9,10000,2764.975859268529,"                     timestamp  ...  returns
0    2024-07-20 21:00:00-03:00  ...      NaN
1    2024-07-20 22:00:00-03:00  ...      0.0
2    2024-07-20 23:00:00-03:00  ...      0.0
3    2024-07-21 00:00:00-03:00  ...      0.0
4    2024-07-21 01:00:00-03:00  ...      0.0
...                        ...  ...      ...
6127 2025-04-02 04:00:00-03:00  ...      0.0
6128 2025-04-02 05:00:00-03:00  ...      0.0
6129 2025-04-02 06:00:00-03:00  ...      0.0
6130 2025-04-02 07:00:00-03:00  ...      0.0
6131 2025-04-02 08:00:00-03:00  ...      0.0

[6132 rows x 7 columns]","     trade_id  ...  is_win
0           0  ...   False
1           1  ...   False
2           2  ...   False
3           3  ...   False
4           4  ...   False
..        ...  ...     ...
323       323  ...   False
324       324  ...   False
325       325  ...    True
326       326  ...    True
327       327  ...   False

[328 rows x 15 columns]",7,15,10,25,80,0.015,0.01,1.3,70
